stop_id,stop_name,latitude,longitude
10093,Warland Rd/Carrington St,-37.93606921,145.03372288
10094,Dane Rd/Spring Rd,-37.93994574,145.03381301
10095,Besant St/Spring Rd,-37.94259331,145.03316209
10099,Bluff Rd/Wickham Rd,-37.94288719,145.02327695
10100,June St/Bluff Rd,-37.94550441,145.02243298
10101,Abberfield Nursing Home/Bluff Rd,-37.94805549,145.02194351
10102,Sandringham College/Bluff Rd,-37.95077656,145.02138116
10103,Bay Rd/Bluff Rd,-37.95432383,145.02064863
10104,Holloway Rd/Bluff Rd,-37.95769938,145.01988649
10105,College Gr/Balcombe Rd,-37.97575224,145.0189688
10106,Cullinane St/Balcombe Rd,-37.97603147,145.02110158
10107,Hunter Ave/Balcombe Rd,-37.97638519,145.02391544
10108,Summerhill Rd/Balcombe Rd,-37.97668155,145.02653734
10109,Haydens Rd/Balcombe Rd,-37.97710062,145.03003259
10110,McNaught St/Balcombe Rd,-37.97805351,145.03527829
10111,Morey St/Balcombe Rd,-37.9781401,145.03938591
10168,Larissa Ave/Maroondah Hwy,-37.81209504,145.23574985
10169,Oliver St/Maroondah Hwy,-37.80945219,145.23920915
10170,Rupert St/Maroondah Hwy,-37.80850283,145.24020858
10171,Leonard St/Maroondah Hwy,-37.80707171,145.24213948
10172,Mines Rd/Maroondah Hwy,-37.80504761,145.24479993
10173,Dublin Rd/Maroondah Hwy,-37.80268077,145.24744562
10174,Everard Rd/Maroondah Hwy,-37.80176258,145.24872807
10358,Darren Ct/Bernard St,-37.9529432,145.05947201
10381,Parnell St/Bernard St,-37.95339543,145.06285166
10385,Regent Pde/Bernard St,-37.95368042,145.06483587
10386,Cheltenham Sec Col/Bernard St,-37.95402239,145.067547
10387,Willen St/Bernard St,-37.95453925,145.07158518
10388,Kingston Centre/Bernard St,-37.95475456,145.0759272
10389,Warrigal Rd/Kingston Rd,-37.9534012,145.07803388
10390,Kingston Centre/Kingston Rd,-37.95366634,145.08047391
10391,St Andrews Dr/Kingston Rd,-37.953993,145.08282131
10392,Kingston Heath Golf Club/Kingston Rd,-37.95433869,145.08634051
10393,Kingston Rd,-37.95482827,145.09040232
10394,Pietro Rd/Kingston Rd,-37.95532671,145.09446396
10395,Old Dandenong Rd/Kingston Rd,-37.95597392,145.09937543
10397,Peace Rd/Kingston Rd,-37.95691436,145.10739804
10398,Heatherton Christian College/Kingston Rd,-37.95741167,145.1114258
10400,Victory Rd/Clayton Rd,-37.95324117,145.11435514
10421,Warrigal Rd/Waverley Rd,-37.8805105,145.09222114
10422,Margot St/Waverley Rd,-37.88088045,145.09558847
10423,Amaroo St/Waverley Rd,-37.88125988,145.09843256
10424,Baradine St/Waverley Rd,-37.88159622,145.10140287
10426,Nyrang St/Huntingdale Rd,-37.88133384,145.10917533
10427,Melinga Cres/Huntingdale Rd,-37.87814434,145.1097799
10428,Burton St/Huntingdale Rd,-37.87634709,145.1100987
10429,Jordanville Station/Huntingdale Rd,-37.87245549,145.11075522
10430,Electra Ave/Huntingdale Rd,-37.87059608,145.1111324
10431,High Street Rd/Huntingdale Rd,-37.86745142,145.11172426
10432,Sylvan Cres/Huntingdale Rd,-37.86622959,145.11196007
10433,Essex Heights Reserve/Huntingdale Rd,-37.86353405,145.11246082
10434,Eildon Rd/Huntingdale Rd,-37.86220448,145.11272209
10435,Arthur St/Huntingdale Rd,-37.85988546,145.11309951
10436,Leyland Rd/Huntingdale Rd,-37.85745115,145.11359351
10437,Peacock St/Highbury Rd,-37.85555133,145.11482401
10438,Station St/Highbury Rd,-37.85595755,145.11824624
10439,Goold St/Station St,-37.85450301,145.11914703
10440,Talbett St/Station St,-37.85309253,145.11942156
10441,Station St/Burwood Hwy,-37.85066567,145.11925592
10442,Deakin University/Burwood Hwy,-37.85017687,145.11517685
10443,Presbyterian Ladies College/Elgar Rd ,-37.84890651,145.10901525
10444,Daniel St/Elgar Rd,-37.84695683,145.10938327
10445,Deakin University/Elgar Rd ,-37.84388387,145.10995041
10446,Cadorna St/Elgar Rd,-37.84172718,145.11033502
10447,Wattle Park/Elgar Rd,-37.83768868,145.11082444
10451,Corrigan Rd/Henderson Rd,-37.98191686,145.1644922
10452,Walnut Cres/Henderson Rd,-37.98175828,145.16299325
10453,Alderney Rd/Henderson Rd,-37.98153163,145.16117721
10454,Gwent St/Paterson Rd,-37.97963185,145.15553199
10455,Northgate Dr/Paterson Rd,-37.97918677,145.15186571
10456,Springvale Rd/Paterson Rd,-37.97870161,145.14795001
10457,Springvale Rd/Clarke Rd,-37.97738313,145.14605911
10458,Kingston Gardens Aged Care/Clarke Rd,-37.9757183,145.14506499
10460,Spring Rd/Clarke Rd,-37.96781307,145.14038048
10461,Camelot Dr/Clarke Rd,-37.96537223,145.13932653
10462,Spring Parks PS/Clarke Rd,-37.96334269,145.13863788
10463,Heatherton Rd/Westall Rd,-37.95958988,145.13668385
10465,Bellavista Cres/Westall Rd,-37.95517695,145.13743273
10467,Thames Ave/Westall Rd,-37.95213993,145.13799882
10468,Spring Valley Dr/Westall Rd,-37.9479084,145.13882262
10470,Westall SC/Rosebank Ave,-37.94076775,145.13975381
10472,Rosebank Ave/Wordsworth Ave,-37.93881793,145.13158738
10473,Oakes Ave/Wordsworth Ave,-37.93670679,145.13200496
10474,Milton Ave/Oakes Ave,-37.93544863,145.13052348
10475,Bevan Ave/Oakes Ave,-37.93515987,145.12823237
10476,Mallawa St/Main Rd,-37.9342997,145.1274122
10477,McMillan St/Main Rd,-37.93271879,145.12773677
10478,Centre Rd/Haughton Rd,-37.92985627,145.12680816
10479,Audsley St/Centre Rd,-37.92906262,145.12281208
10481,St Bedes College/Naples Rd,-37.99018411,145.06851141
10482,Olive St/Clayton Rd,-37.92971986,145.11882461
10483,Kimbarra St/Clayton Rd,-37.9319466,145.11831274
10484,Byron St/Clayton Rd,-37.93496679,145.1178261
10485,Whiteside Rd/Clayton Rd,-37.93835484,145.11723901
10486,Clayton South PS/Clayton Rd,-37.94082533,145.11675493
10488,Murphy St/Bourke Rd,-37.9428757,145.1153598
10489,Allwen Ct/Bourke Rd,-37.94252127,145.11236467
10490,Glenelg Dr/Bourke Rd,-37.94220974,145.1098009
10491,Springs Rd/Bourke Rd,-37.94179765,145.1065911
10492,Clarinda SC/Bourke Rd,-37.9413522,145.1029953
10494,Clarinda Rd/Bourke Rd,-37.94092338,145.09931947
10495,Angus Ct/Bourke Rd,-37.94042201,145.09562279
10496,Cedar Ct/Bourke Rd,-37.94009432,145.09319613
10497,Barkers St/Old Dandenong Rd,-37.93791432,145.08936095
10498,Washington Dr/Old Dandenong Rd,-37.93596162,145.08731788
10499,Commonwealth Golf Club/Old Dandenong Rd,-37.9339687,145.08446812
105,Trenerry Cres/Johnston St,-37.80048422,145.00037819
10500,Tecoma Ct/Old Dandenong Rd,-37.93237986,145.08208588
10501,Warrigal Rd/South Rd,-37.93863706,145.07840718
10502,Kingsway/South Rd,-37.93809268,145.07432502
10503,Alex Ave/South Rd,-37.93768714,145.07102441
10504,Bignell Rd/South Rd,-37.93748641,145.06812811
10505,Sullivan St/South Rd,-37.93693548,145.06421694
10507,Chesterville Rd/South Rd,-37.93644315,145.06058875
10508,Rowans Rd/South Rd,-37.93608075,145.05664998
10510,Fletcher St/South Rd,-37.93530908,145.05194833
10511,Delhi St/Mitcham Rd,-37.8190587,145.19395873
10512,Agra St/Mitcham Rd,-37.82085457,145.19411946
10513,Lucknow St/Mitcham Rd,-37.82437318,145.19437454
10514,Orient Ave/Mitcham Rd,-37.82698121,145.19460638
10515,Vernal Ave/Mitcham Rd,-37.82843405,145.19473004
10516,Picadilly St/Golf Rd,-37.91358532,145.08897823
10517,Metropolitan Golf Club/Golf Rd,-37.91114197,145.08946232
10518,North Rd/Golf Links Ave,-37.90872073,145.09075337
10554,Station St/Cheltenham Rd,-37.99144912,145.20934774
10555,Cheltenham Rd/George St,-37.98933685,145.204981
10556,Langhorne Pl/Langhorne St,-37.98726043,145.21480126
10557,Langhorne Pl/Langhorne St,-37.98748286,145.21520579
10558,Keneally St/Cheltenham Rd,-37.98999432,145.20554571
106,Clarke St/Johnston St,-37.80062579,145.00181677
1065,40 Dorking Rd,-37.81636664,145.13116873
1076,Fenwick St/Chadstone Rd,-37.88227985,145.07911119
10873,Tintern Gr/Bernard St,-37.95282291,145.0592817
10874,Parnell St/Bernard St,-37.95323386,145.06234376
10875,Christensen St/Bernard St,-37.95355319,145.06477092
10876,Cheltenham Sec Col/Bernard St,-37.95396699,145.06801508
10877,Dissik St/Bernard St,-37.95439047,145.07130454
10878,Kingston Centre/Bernard St,-37.95460198,145.07596533
10879,Kingston Centre/Kingston Rd,-37.95326552,145.07800327
10880,Byng Ave/Kingston Rd,-37.95360096,145.08088533
10881,Ball Rd/Kingston Rd,-37.95392955,145.08390418
10882,Kingston Heath Golf Club/Kingston Rd,-37.95429575,145.0870245
10883,Kingston Rd,-37.95471172,145.09043949
10884,Pietro Rd/Kingston Rd,-37.95522009,145.09455777
10885,Old Dandenong Rd/Kingston Rd,-37.9557934,145.09935732
10887,Peace Rd/Kingston Rd,-37.95680718,145.1074577
10888,Heatherton Christian College/Kingston Rd,-37.95738587,145.11206384
10889,Kingston Rd/Clayton Rd,-37.95674191,145.11349166
10890,Ryans Rd/Clayton Rd,-37.95110953,145.1146145
10891,Tully Rd/Clayton Rd,-37.94727402,145.11539536
10892,Bodley St/Clayton Rd,-37.94465022,145.11587207
10893,Wellington Rd/Blackburn Rd,-37.91782718,145.13997929
10895,Princes Hwy/Blackburn Rd,-37.92060372,145.13946567
109,Yarra Bend Park/Studley Park Rd,-37.80118878,145.0063219
10900,Centre Rd/Springs Rd,-37.92808914,145.1098554
10901,Bond St/Springs Rd,-37.93020701,145.10930055
10902,Namatjira Park/Springs Rd,-37.93325252,145.10871051
10903,St Andrews PS/Bunney Rd,-37.93461425,145.1082091
10906,Wilson St/Argus St,-37.95847942,145.06074903
10907,Rosewarne Ave/Argus St,-37.95881079,145.06335815
10909,Primrose Ave/Cavanagh St,-37.95678203,145.06657552
10914,Bourke Rd/Clarinda Rd,-37.93996467,145.09799006
10915,Elliminya Ct/Clarinda Rd,-37.93820406,145.09834267
10916,Tatiara Ave/Clarinda Rd,-37.93526634,145.09890766
10917,Clarinda Rd/Bunney Rd,-37.93357154,145.09998672
11,Newton Gr/Gallaghers Rd,-37.87744457,145.17856045
11124,Bald Hill Park/Bunney Rd,-37.93419956,145.10484041
11127,Payne St/Kambrook Rd,-37.87821259,145.03526251
11138,Wilgra Cres/Booran Rd,-37.88310865,145.03596242
11170,Coniston Dr/Marykirk Dr,-37.9122499,145.19208025
11171,Chipping Hill Ct/Marykirk Dr,-37.91159347,145.19334755
11172,Harlingford Ct/Garnett Rd,-37.91109826,145.19572561
11173,Bladen St/Garnett Rd,-37.91287681,145.19828704
11174,Bellara Way/Garnett Rd,-37.9155168,145.20001995
11175,Tanya Pl/Garnett Rd,-37.91905368,145.19970621
11176,Whalley Dr/Garnett Rd,-37.92201123,145.19922454
11177,Carol St/Borg Cres,-37.89791111,145.22219361
11178,Sandvyk Ct/Borg Cres,-37.8965233,145.22040739
11179,Redcourt Reserve/Taunton Cres,-37.89546395,145.22008036
11180,Boyd Ct/Taunton Cres,-37.89464693,145.21849655
11181,Seville Gr/Berrabri Dr,-37.89344504,145.21768399
11182,Blake Ct/Berrabri Dr,-37.89176505,145.21624617
11183,Paulette Ct/Berrabri Dr,-37.89000372,145.21776697
11184,Somes St/George St,-37.88911181,145.2213591
11250,Coreen Ave/Balcombe Rd,-37.97839791,145.04133726
11251,Plummer Rd/Florence St,-37.98205968,145.05891016
11252,Davies St/Florence St,-37.98247255,145.06263374
11254,Patty St/Nepean Hwy,-37.97819368,145.06766455
11255,Latrobe St/Nepean Hwy,-37.97516399,145.06536466
11256,Evesham St/Nepean Hwy,-37.96999512,145.06122012
11301,Warland Rd/Carrington St,-37.93585189,145.0336604
11302,Dane Rd/Spring Rd,-37.94075073,145.03345018
11303,Besant St/Spring Rd,-37.94274377,145.03299877
11308,June St/Bluff Rd,-37.94480124,145.02241769
11309,Abberfield Nursing Home/Bluff Rd,-37.94829525,145.02173224
11310,Sandringham College/Bluff Rd,-37.95054026,145.02126231
11311,Bay Rd/Bluff Rd,-37.95477038,145.02040902
11313,Ebden Ave/Balcombe Rd,-37.97581568,145.01845479
11314,Cullinane St/Balcombe Rd,-37.97616084,145.02075656
11315,Hunter Ave/Balcombe Rd,-37.97649481,145.02400358
11316,Summerhill Rd/Balcombe Rd,-37.9767862,145.02632961
11317,Haydens Rd/Balcombe Rd,-37.9771857,145.0302694
11318,Beaumaris Sec Col/Balcombe Rd,-37.9775248,145.03330006
11319,Reserve Rd/Balcombe Rd,-37.97830838,145.03543088
11320,Dalgetty Rd/Balcombe Rd,-37.97825255,145.03964477
11321,Coreen Ave/Balcombe Rd,-37.97851358,145.04178958
11322,Haywood St/Balcombe Rd,-37.97883884,145.04454748
11323,Ancona St/Florence St,-37.98229221,145.05989457
11324,Davies St/Florence St,-37.98262887,145.06227668
11327,Royal Oak Hotel/Nepean Hwy,-37.97287419,145.06367163
1141,McKean St/Dorking Rd,-37.8129975,145.13182167
11414,Ryans Rd/Clayton Rd,-37.95112937,145.1147278
11415,Tully Rd/Clayton Rd,-37.9475722,145.11544464
11416,Fraser Rd/Clayton Rd,-37.94449981,145.11604661
11417,Wellington Rd/Blackburn Rd,-37.9170595,145.1398735
11418,Princes Hwy/Blackburn Rd,-37.92076245,145.13924553
1142,Tyne St/Dorking Rd,-37.81093999,145.13221431
11423,Centre Rd/Springs Rd,-37.92806047,145.10975374
11424,Bond St/Springs Rd,-37.93030793,145.10941174
11425,Namatjira Park/Springs Rd,-37.93338929,145.1088094
11426,St Andrews Primary School/Bunney Rd ,-37.93460163,145.10742432
11427,Bald Hill Park/Bunney Rd,-37.9342606,145.10471368
11428,Clarinda Rd/Bunney Rd,-37.93366327,145.10008676
11429,Tatiara Ave/Clarinda Rd,-37.93552923,145.09900329
11430,Elliminya Ct/Clarinda Rd,-37.93828734,145.09847707
11431,Bourke Rd/Clarinda Rd,-37.93998507,145.09813746
11435,Primrose Ave/Cavanagh St,-37.95637948,145.0667568
11436,North Cheltenham Preschool/Friendship Sq,-37.95988841,145.06641438
11437,Cavanagh St/Friendship Sq,-37.95867816,145.06679896
11438,Fairview Ave/Argus St,-37.95908511,145.06469401
11439,Rosewarne Ave/Argus St,-37.9588975,145.063151
1144,Savaris Ct/Park Rd,-37.80172902,145.19164367
11440,Wilson St/Argus St,-37.9585984,145.06085971
11451,Harrow St/William St,-37.82218868,145.12778401
11452,Glenmore Street Reserve/William St,-37.82335633,145.12753864
11453,Albion Rd/William St,-37.82450633,145.12731644
11454,Victoria St/Albion Rd,-37.82502222,145.12972337
11455,Cherryhinton St/Barkly St,-37.82645456,145.13025529
11456,Jolie Gr/Barkly St,-37.82768546,145.13001971
11457,Canterbury Rd/Barkly St,-37.82923092,145.12973073
11458,Wembley Park/Canterbury Rd,-37.83002945,145.13348281
11459,Middleborough Rd/Canterbury Rd,-37.83045327,145.13748301
11460,Pakenham St/Canterbury Rd,-37.83079346,145.14019004
11462,Donald St/Canterbury Rd,-37.83115859,145.14333961
11463,Wreford Rd/Canterbury Rd,-37.83147651,145.14578593
11464,Canterbury Rd/Main St,-37.83157114,145.14836283
11465,Molleton St/Main St,-37.82884908,145.14890809
11466,Molleton St/Main St,-37.82875756,145.14881948
11467,Heath St/Main St,-37.82763472,145.14905205
11469,Linum St/Main St,-37.82450282,145.14932344
11470,The Avenue/Main St,-37.82339763,145.14953283
11475,Covenant House Aged Care/Blackburn Rd,-37.83230036,145.15635521
11476,Lagoona Ct/Canterbury Rd,-37.8329895,145.15892874
11477,Pacific Way/Mahoneys Rd,-37.8386301,145.16579982
11478,Paul Rd/Mahoneys Rd,-37.84026576,145.16550929
11479,Mahoneys Reserve/Mahoneys Rd,-37.84369092,145.16496985
11480,Romoly Dr/Mahoneys Rd,-37.84550674,145.16467482
11481,St Thomas Ret Village/Hawthorn Rd,-37.84649899,145.16704819
11482,Echunga Cl/Hawthorn Rd,-37.84751733,145.16936414
11483,Hawthorn Rd/Springvale Rd,-37.84757933,145.17045364
11485,Springvale Rd/Parkmore Rd,-37.84116381,145.17225996
11486,Cherryl St/Parkmore Rd,-37.84147196,145.17469561
11487,Everglade Ave/Parkmore Rd,-37.84176806,145.17693839
11488,Hampshire Rd/Parkmore Rd,-37.8420055,145.17888717
11489,Michael Ct/Hampshire Rd,-37.84338592,145.17898959
11490,Longbrae Ave/Jolimont Rd,-37.84401765,145.18021277
11491,Stevens Rd/Jolimont Rd,-37.84427428,145.1822407
11492,Wingrove St/Stevens Rd,-37.8429496,145.18283007
11493,Kingsley Ave/Stevens Rd,-37.84151208,145.18311536
11494,Husband Rd/Stevens Rd,-37.83998448,145.18340285
11495,Brentford Square SC/Stevens Rd,-37.83776506,145.18441183
11496,Rooks Rd/Canterbury Rd,-37.83638598,145.18732054
11497,Terrara Rd/Canterbury Rd,-37.83663637,145.19188245
11498,Mitcham Rd/Canterbury Rd,-37.83606474,145.19456676
11499,Grove St/Mitcham Rd,-37.83445916,145.19506042
11500,Malvern St/Mitcham Rd,-37.83280761,145.1949075
11501,Redland Dr/Mitcham Rd,-37.83162556,145.19481132
11502,Alwyn St/Mitcham Rd,-37.82854041,145.19461382
11503,Carween Ave/Mitcham Rd,-37.82678076,145.19446356
11504,Simpson St/Mitcham Rd,-37.82392931,145.19422629
11505,Barina Rd/High St,-37.86187574,145.06692144
11506,Lurnea Rd/High St,-37.86208817,145.06888238
11514,McWhae Ave/Glen Eira Rd,-37.87727225,145.00136164
11515,Bellavista Rd/High St,-37.86235082,145.0711603
11516,Orrong Rd/Glen Eira Rd,-37.87792092,145.00666496
11517,Hood Cres/Glen Eira Rd,-37.87856706,145.011832
11518,Kooyong Rd/Glen Eira Rd,-37.87904892,145.01582111
11519,Harcourt Ave/Glen Eira Rd,-37.87949732,145.01943598
11520,Glen Eira City Hall/Glen Eira Rd,-37.87988622,145.02273413
11521,Tennyson Ave/Glen Eira Rd,-37.88039264,145.02659767
11522,Bambra Rd/Glen Eira Rd,-37.88077601,145.0295777
11523,Kambrook Rd/Glen Eira Rd,-37.8812973,145.03380478
11524,Neerim Rd/Koornang Rd,-37.88892903,145.05706034
11525,Carnegie Station/Koornang Rd,-37.88591946,145.05762839
11526,Darling Rd/Princes Hwy,-37.88385608,145.05874005
11527,Oakleigh SC/Hanover St,-37.90077313,145.09191411
11528,Wayville Cl/Wells Rd,-38.03144379,145.13291629
11530,Police Rd/Wanda St,-37.93394275,145.16595922
11531,Suemar St/Wanda St,-37.93158787,145.16635908
11533,Briar Gr/Wanda St,-37.92691592,145.16727155
11534,Valewood Dr/Wanda St,-37.92436105,145.16698231
11535,Shaftsbury Dr/Wanda St,-37.9206574,145.16468527
11551,Mitcham Rd/Brunswick Rd,-37.8182024,145.19453627
11552,Creek Rd/Brunswick Rd,-37.81826064,145.19774986
11553,Brunswick Rd/Reserve Ave,-37.81869385,145.20014776
11554,Berry Ave/Reserve Ave,-37.82038835,145.20016341
11555,Garden Ave/Reserve Ave,-37.82175803,145.20015286
11556,Haverbrack Dr/Wellington Rd,-37.92361571,145.20042546
11557,Eastlink/Wellington Rd,-37.92545627,145.2147611
11558,Corporate Ave/Wellington Rd,-37.92643748,145.22123372
11559,Viewtech Pl/Wellington Rd,-37.92717675,145.22722311
11560,Stud Rd/Wellington Rd,-37.92770466,145.23176137
11561,Taylors Lane/Eildon Pde,-37.9180719,145.24628021
11562,Tyers Cres/Eildon Pde,-37.91841183,145.2497418
11602,Charman Rd/Weatherall Rd,-37.97243996,145.0537448
11603,Cheltenham Recreation Reserve/Weatherall Rd,-37.97212808,145.05123719
11604,Victor Ave/Weatherall Rd,-37.97154605,145.04657382
11605,Banool St/Weatherall Rd,-37.97107978,145.0429206
11606,Morey Rd/Weatherall Rd,-37.97074226,145.0399698
11607,Reserve Rd/Weatherall Rd,-37.97035564,145.03678128
11608,Tibbles St/Reserve Rd,-37.97173643,145.0358224
11609,Beaumaris North Primary School/Reserve Rd ,-37.97391076,145.0354343
11610,Balcombe Rd/Reserve Rd,-37.97691208,145.03492165
11611,Beaumaris Sec Col/Reserve Rd,-37.97831848,145.03441736
11612,Long Hollow Heathland/Reserve Rd,-37.98053746,145.03400521
11613,Beaumaris Community Centre/Reserve Rd,-37.98245133,145.03366949
11614,Triangle Gardens/Hampton St,-37.94174716,145.00167566
11615,Hampton Station/Hampton St,-37.93862048,145.00222688
11616,Willis St/Hampton St,-37.9368424,145.00259363
11617,Littlewood St/Hampton St,-37.93497366,145.00292867
11618,Hampton St/Holyrood St,-37.93383679,145.00284566
11619,St Marys PS/Holyrood St,-37.93348358,145.00009039
11624,Brighton PS/Male St,-37.91303826,145.00074661
11627,North Brighton Station/St Andrews St,-37.9056968,145.00145715
11666,Cross Rd/Embankment Gr,-38.04757292,145.11924193
11667,Baxter Ave/Embankment Gr,-38.0467102,145.12164569
11668,Chelbara General Store/Baxter Ave,-38.04460962,145.12215519
11669,Cross Rd/Ella Gr,-38.04417218,145.11903268
11671,Bayside Ave/Munro Ave,-38.04132916,145.1176355
11672,Fraser Ave/Munro Ave,-38.03915418,145.11631247
11673,Edithvale Rd/Munro Ave,-38.03684315,145.11493603
11680,Edithvale Bowls Club/Edithvale Rd,-38.0350381,145.11926638
11682,Wells Rd/Edithvale Rd,-38.028746,145.12987454
1174,Springfield Rd/Dorking Rd,-37.80882824,145.13259693
1175,Trawool St/Dorking Rd,-37.80592627,145.13315845
11771,George St/Argyle Way,-37.88878476,145.22476701
11789,Serrell St/Princes Hwy,-37.88434072,145.06189966
11790,Karma Ave/Princes Hwy,-37.8845322,145.06422559
11791,Belgrave Rd/Princes Hwy,-37.8844416,145.06638834
11792,Bruce St/Dandenong Rd,-37.88444265,145.07084553
11793,Alma St/Dandenong Rd,-37.88643348,145.07685418
11795,Hillcrest Rd/High St,-37.86257088,145.0730415
11797,Munro Ave/High St,-37.86293932,145.07628291
11799,Ashburton Station/High St,-37.86347347,145.08085001
11800,Victory Bvd/High St,-37.86381882,145.08323955
11801,Huntingdale Rd/Waverley Rd,-37.88253059,145.10962227
11802,Donald St/Waverley Rd,-37.88296883,145.11278338
11803,Hansen St/Waverley Rd,-37.88326405,145.11545924
11804,Heany St/Waverley Rd,-37.88346558,145.11735295
11805,Pamela St/Waverley Rd,-37.88380592,145.12003908
11806,Toirram Rd/Waverley Rd,-37.88401802,145.12203488
11807,Talbot Rd/Waverley Rd,-37.88434435,145.1244144
11808,Forster Rd/Waverley Rd,-37.88505964,145.13142331
11809,Bruce St/Waverley Rd,-37.8854292,145.13426801
11810,Scammell Cl/Waverley Rd,-37.88614448,145.14074269
11811,Meadow Cres/Waverley Rd,-37.88630312,145.14222828
11812,Blackburn Rd/Waverley Rd,-37.88674922,145.14651528
11813,Stableford Ave/Waverley Rd,-37.8871093,145.14878045
11814,Saladin Ave/Waverley Rd,-37.88753438,145.15231757
11815,Monash Aquatic & Recreation Centre/Waverley Rd,-37.88797093,145.15659357
11816,Myrtle St/Waverley Rd,-37.88836537,145.15991549
11817,Central Reserve/Waverley Rd,-37.88869861,145.16336406
11818,Stocks Ave/High St,-37.86411357,145.0858464
11819,Gloucester Rd/High St,-37.86444799,145.0886796
11820,Warrigal Rd/High Street Rd,-37.86582716,145.09370255
11821,Barrington Dr/High Street Rd,-37.86636175,145.09833817
11822,Winbirra Pde/High Street Rd,-37.86653634,145.10022072
11823,Vannam Dr/High Street Rd,-37.8669489,145.10344995
11824,Cleveland Rd/High Street Rd,-37.86717997,145.10604727
11825,Teck St/High Street Rd,-37.86734214,145.10772556
11827,Huntingdale Rd/High Street Rd,-37.86798793,145.1125859
11828,281 High Street Rd,-37.86829251,145.11528372
11829,Glen Iris Valley Tennis Club/High Street Rd,-37.86862049,145.11832201
11830,Park Rd/High Street Rd,-37.86918187,145.12300279
11831,Alice St/High Street Rd,-37.86935172,145.12461276
11832,Sunhill Rd/High Street Rd,-37.8698314,145.12870455
11833,Stephensons Rd/High Street Rd,-37.87012839,145.13094797
11834,Fleet St/High Street Rd,-37.8708296,145.13709195
11835,Josephine Ave/High Street Rd,-37.87113523,145.13989227
11836,Lawrence Rd/High Street Rd,-37.87151753,145.14298628
11837,Elm Gr/High Street Rd,-37.87188209,145.1461035
11838,Blackburn Rd/High Street Rd,-37.87226673,145.14935667
11839,Orchard St/High Street Rd,-37.87263255,145.15256488
11840,Medina Rd/High Street Rd,-37.87284811,145.15424208
11841,Lemair Ave/High Street Rd,-37.87297944,145.15629655
11842,Myers Ave/High Street Rd,-37.87338141,145.15894685
11843,Wesley College/High Street Rd,-37.87320501,145.15631367
11848,Burns Ave/Rosebank Ave,-37.93965361,145.13370548
11849,Premier Ave/Mitcham Rd,-37.83107812,145.19496102
11850,Grey St/Mitcham Rd,-37.83335214,145.19515558
11853,Terrara Rd/Canterbury Rd,-37.83684926,145.19166135
11854,Rooks Rd/Canterbury Rd,-37.83675612,145.18794782
11855,Brentford Square SC/Stevens Rd,-37.83743272,145.18506769
11856,Woodcrest Rd/Stevens Rd,-37.83938388,145.18361077
11857,Kingsley Ave/Stevens Rd,-37.84092933,145.18331148
11858,Wingrove St/Stevens Rd,-37.84241189,145.18302509
11860,Station St/Foch St,-37.83670406,145.12081507
11861,Sycamore St/Foch St,-37.83702462,145.12339775
11862,Foch St/Haig St,-37.83602308,145.12615028
11863,Devon St/Haig St,-37.8344688,145.12645095
11864,Prince St/Haig St,-37.83314747,145.12666618
11865,Peace St/Haig St,-37.83162002,145.12695479
11866,Canterbury Rd/Haig St,-37.82949026,145.12677004
11867,Stevens Rd/Jolimont Rd,-37.84436384,145.1822044
11868,Longbrae Ave/Jolimont Rd,-37.84412909,145.18042595
11869,Wingrove St/Hampshire Rd,-37.84262054,145.17903114
11870,Everglade Ave/Parkmore Rd,-37.84180128,145.17675575
11871,Cherryl St/Parkmore Rd,-37.84152355,145.17453524
11872,Springvale Rd/Parkmore Rd,-37.84121557,145.17211095
11874,Echunga Cl/Hawthorn Rd,-37.84758799,145.16927148
11875,St Thomas Ret Village/Hawthorn Rd,-37.84661081,145.16728408
11876,Romoly Dr/Mahoneys Rd,-37.8450821,145.1646058
11877,Mahoneys Reserve/Mahoneys Rd,-37.84350934,145.16488344
11878,Paul Rd/Mahoneys Rd,-37.84025551,145.16543
11879,Pacific Way/Mahoneys Rd,-37.8387995,145.16568198
11880,Deans Wood Rd/Canterbury Rd,-37.83345807,145.1606556
11881,Masons Rd/Blackburn Rd,-37.83132732,145.15522046
11882,Eustace St/Blackburn Rd,-37.82989394,145.15404041
11883,Walsham Rd/Blackburn Rd,-37.82876406,145.1532505
11884,Wolseley Cres/Blackburn Rd,-37.82391771,145.15223518
11885,Wolseley Cres/Blackburn Rd,-37.8238831,145.15232694
11886,Wellington Ave/Blackburn Rd,-37.82669115,145.15266592
11887,Walsham Rd/Blackburn Rd,-37.82861199,145.15332246
11888,Eustace St/Blackburn Rd,-37.83018844,145.15443075
11891,Wreford Rd/Canterbury Rd,-37.83165507,145.1456792
11892,Donald St/Canterbury Rd,-37.83134776,145.14333487
11893,Aberdeen Rd/Canterbury Rd,-37.83094481,145.14007262
11895,Middleborough Rd/Canterbury Rd,-37.83058085,145.13700258
11896,Wembley Park/Canterbury Rd,-37.83012818,145.1334576
11897,Canterbury Rd/Barkly St,-37.8292475,145.12963942
11898,Menzies St/Barkly St,-37.82783698,145.12991363
11899,Cherryhinton St/Barkly St,-37.82621998,145.13023849
11900,Victoria St/Albion Rd,-37.82513339,145.12991371
11901,Albion Rd/William St,-37.82452272,145.12721377
11902,Glenmore Street Reserve/William St,-37.82322048,145.12749663
11903,Harrow St/William St,-37.82220507,145.12768135
11904,Rutland Rd/William St,-37.82090373,145.12802098
11906,Fernhill St/High Street Rd,-37.87370569,145.16066686
11907,Central Reserve/Waverley Rd,-37.88893212,145.16331277
11908,Myrtle St/Waverley Rd,-37.88848212,145.15988985
11909,Monash Aquatic & Recreation Centre/Waverley Rd,-37.88796543,145.15509272
11910,Lilian St/Waverley Rd,-37.88753954,145.15149873
11911,Stableford Ave/Waverley Rd,-37.88724872,145.14904986
11912,Blackburn Rd/Waverley Rd,-37.88675404,145.14510517
11913,Coolarn St/Waverley Rd,-37.8863889,145.14195323
11914,Pinewood Dr/Waverley Rd,-37.88606169,145.13892545
11915,Bruce St/Waverley Rd,-37.88572809,145.13549988
11916,Stephensons Rd/Waverley Rd,-37.88464773,145.12648752
11917,Talbot Rd/Waverley Rd,-37.8843964,145.12428801
11918,Bales St/Waverley Rd,-37.88413476,145.12200918
11919,Pamela St/Waverley Rd,-37.88386643,145.11987835
11920,Mayfield Dr/Waverley Rd,-37.88364975,145.11759841
11921,Hansen St/Waverley Rd,-37.8833898,145.11543329
11922,Tuhans Rd/Waverley Rd,-37.88299867,145.11239602
11923,Huntingdale Rd/Waverley Rd,-37.88264733,145.10959655
11926,Medina Rd/High Street Rd,-37.87287808,145.15385479
11927,Edith St/High Street Rd,-37.87266706,145.15189326
11928,Blackburn Rd/High Street Rd,-37.8723867,145.14953557
11931,Hooper St/Dandenong Rd,-37.88694805,145.07690902
11932,Wilson St/Dandenong Rd,-37.88554395,145.07315913
11933,Kilpa Rd/Keys Rd,-37.94917063,145.07117931
11934,Roberna St/Keys Rd,-37.9485211,145.06674659
11935,Friars Rd/Keys Rd,-37.94828118,145.06476133
11936,Canterbury Rd/Haig St,-37.82950575,145.12661058
11937,Peace St/Haig St,-37.8316456,145.12686324
11938,Prince St/Haig St,-37.83324547,145.12659552
11939,Devon St/Haig St,-37.83456644,145.12635758
11940,Foch St/Haig St,-37.83592345,145.12611871
11941,Sycamore St/Foch St,-37.83694355,145.12339981
11942,Station St/Foch St,-37.83663217,145.12082826
11943,Murray Rd/Gladstone Rd,-37.94439285,145.20959162
11944,Garden Rd/Wellington Rd,-37.91723064,145.14614853
11965,St Martins Ct/Brennan Dr,-37.88727971,145.22416637
11992,Brennan Dr/Tintern Cres,-37.88689705,145.22269732
12,Daryl Ave/Gallaghers Rd,-37.88067936,145.17794637
12020,Oravel Ave/Waverley Rd,-37.87983379,145.07226194
12058,Allens Rd/Canterbury Rd,-37.82797453,145.24662015
12059,Viviani Cres/Great Ryrie St,-37.83166544,145.23729498
12060,Erica Cres/Great Ryrie St,-37.82992621,145.23730228
12061,Doulton Ave/Great Ryrie St,-37.8282407,145.23728558
12062,Edna St/Great Ryrie St,-37.8258525,145.2372856
12137,Scullin St/Boyd St,-37.96472649,145.21333234
12138,Boyd St/Curtin Cres,-37.96462208,145.21061432
12139,Curtin Cres/Menzies Ave,-37.96537395,145.20850157
12140,Fadden St/Menzies Ave,-37.96447756,145.20645165
12141,Kandra St/Gladstone Rd,-37.96197821,145.20625066
12142,Carlton Rd/Gladstone Rd,-37.95956081,145.20669647
12143,Lyndale Sec Col/Gladstone Rd,-37.95717997,145.20717551
12144,Brady Rd/Gladstone Rd,-37.95405228,145.20772957
12146,Gray St/Whalley Dr,-37.92137323,145.19757915
12147,Hillard Ct/Whalley Dr,-37.92057362,145.19480012
12148,Bracken Ct/Whalley Dr,-37.91986981,145.19122248
12149,Woodington Dr/Whalley Dr,-37.91782182,145.18931602
12150,Mena Ct/Whalley Dr,-37.91470776,145.1901659
12151,Jells Rd/Grandview Rd,-37.91318181,145.18880417
12153,Waverley Meadows Primary School/Columbia Dr ,-37.91513347,145.18445641
12154,Calderwood Ave/Phoenix Dr,-37.91356801,145.1869633
12155,Vanessa Cres/Columbia Dr,-37.91790317,145.18406979
12156,Brandon Park Dr/Columbia Dr,-37.9197992,145.18196408
12157,Wellington Rd/Brandon Park Dr,-37.92063475,145.18121543
12311,Carrington Rd/Elgar Rd,-37.8192659,145.11461151
12345,Hobart Rd/Dandenong Rd,-37.88484751,145.07025507
12346,Murrumbeena Rd/Dandenong Rd,-37.88486474,145.06691169
12347,Poplar Gr/Dandenong Rd,-37.88483997,145.06430849
12348,Chestnut St/Dandenong Rd,-37.88472132,145.06148035
12349,Carnegie Station/Koornang Rd,-37.88599415,145.05778561
12350,Neerim Rd/Koornang Rd,-37.88895849,145.05720739
12351,Kambrook Rd/Glen Eira Rd,-37.88135135,145.03380334
12352,Bambra Rd/Glen Eira Rd,-37.88097234,145.0305389
12353,Webb St/Glen Eira Rd,-37.88044612,145.02656214
12354,Glen Eira City Hall/Glen Eira Rd,-37.88012859,145.02375093
12355,Harcourt Ave/Glen Eira Rd,-37.87955636,145.01919564
12356,Kooyong Rd/Glen Eira Rd,-37.8793201,145.01693942
12357,Eastaway St/Glen Eira Rd,-37.87868396,145.01181749
12358,Orrong Rd/Glen Eira Rd,-37.87810054,145.00716037
12359,Caulfield Grammar School/Glen Eira Rd,-37.87773848,145.00440738
12360,Gordon St/Glen Eira Rd,-37.8773454,145.00089353
12369,Inverell Ave/High Street Rd,-37.87178298,145.14438932
12371,Stewart St/High Street Rd,-37.87120101,145.13949272
12372,Fleet St/High Street Rd,-37.87088888,145.13685172
12373,Stephensons Rd/High Street Rd,-37.87006636,145.1293125
12374,Park Rd/High Street Rd,-37.86939889,145.12417957
12375,Golf Ave/High Street Rd,-37.86921984,145.12255846
12376,Glen Iris Valley Tennis Club/High Street Rd,-37.86875634,145.11836403
12377,283 High Street Rd,-37.86839396,145.11542892
12378,Huntingdale Rd/High Street Rd,-37.86799571,145.11082366
12379,Teck St/High Street Rd,-37.86749936,145.1074146
12380,Cleveland Rd/High Street Rd,-37.86731368,145.10539587
12381,Jordan St/High Street Rd,-37.86700206,145.10283473
12382,Winbirra Pde/High Street Rd,-37.86682364,145.10127055
12383,Queens Pde/High Street Rd,-37.86650387,145.09765245
12384,Warrigal Rd/High Street Rd,-37.86596761,145.09347158
12385,Gloucester Rd/High St,-37.86450976,145.08859843
12386,Samarinda Ave/High St,-37.86420527,145.08538934
12387,Morotai Ave/High St,-37.86383122,145.08234121
12388,Ashburton Station/High St,-37.86361723,145.08082355
12389,Highgate Gr/High St,-37.86316321,145.07730013
12390,Hilltop Ave/High St,-37.86284439,145.07378461
12391,Bellavista Rd/High St,-37.86248047,145.0713729
12392,Fuller Ave/High St,-37.86221596,145.06898135
12393,Victor Rd/High St,-37.86197278,145.06679387
12402,Brady Ave/Rosebank Ave,-37.9398918,145.13451875
12403,Heatherton Rd/Clarke Rd,-37.96160339,145.13806714
12445,Bay St/St Andrews St,-37.90593176,145.00149629
12448,Brighton PS/Male St,-37.91317472,145.00082254
12455,Hampton Primary School/Holyrood St ,-37.93370933,145.00276946
12456,Willis St/Hampton St,-37.93633206,145.0027895
12457,Triangle Gardens/Hampton St,-37.94246796,145.00166752
12458,Beaumaris Community Centre/Reserve Rd,-37.98203583,145.03361227
12459,Long Hollow Heathland/Reserve Rd,-37.98085945,145.03385999
12460,Beaumaris  Secondary College/Reserve Rd ,-37.97853238,145.03427503
12461,Balcombe Rd/Reserve Rd,-37.97680209,145.03481074
12462,Beaumaris North Primary School/Reserve Rd ,-37.97327947,145.03540559
12464,Reserve Rd/Weatherall Rd,-37.9702575,145.03684081
12466,Banool St/Weatherall Rd,-37.97107293,145.04359243
12467,Victor Ave/Weatherall Rd,-37.97143531,145.04641738
12468,Cheltenham Recreation Reserve/Weatherall Rd,-37.97210091,145.05177295
12469,Charman Rd/Weatherall Rd,-37.97231965,145.05355445
12473,Wayville Cl/Wells Rd,-38.03107555,145.132994
12474,Enterprize Ave/Wells Rd,-38.03399426,145.13462894
12475,Hartwood Ct/Wells Rd,-38.03604887,145.13576178
12477,Ashley Park Dr/Wells Rd,-38.04098394,145.13839416
12479,Olive Ct/Brolga Ave,-38.04938254,145.13894495
12480,Kennedy Ave/Chelsea Park Dr,-38.04913277,145.13683162
12481,Teresa Ct/Chelsea Park Dr,-38.04774274,145.13498655
12482,First Ave/Thames Prom,-38.04662723,145.1328383
12483,Mulkarra Dr/Thames Prom,-38.04718034,145.1273885
12484,Beardsworth Ave/Thames Prom,-38.04872435,145.12136629
12485,Chelsea Bicentennial Park/Thames Prom,-38.04785173,145.12541131
12488,Pillars Rd/Springvale Rd,-38.02221446,145.13623777
12489,The Waterways Bvd/Springvale Rd,-38.01559933,145.13961756
12490,Governor Rd/Springvale Rd,-38.0085829,145.14099087
12491,Keylana Dr/Springvale Rd,-38.00240204,145.14220613
12492,Princeton Dr/Springvale Rd,-37.99938393,145.14282894
12495,Wilma Ave/Springvale Rd,-37.93048396,145.15627175
12496,Seaview Cres/Springvale Rd,-37.92879378,145.15653014
12497,Miles St/Springvale Rd,-37.92457814,145.15722702
12498,Wellington Rd/Springvale Rd,-37.91944067,145.15833358
12499,Clunies Ross Cres/Springvale Rd,-37.91589234,145.15905911
12500,The Loop/Springvale Rd,-37.91307912,145.15953874
12501,Dunlop Rd/Springvale Rd,-37.91021221,145.16004242
12502,Police Rd/Wanda St,-37.9337246,145.16583949
12503,Suemar St/Wanda St,-37.93144179,145.16623756
12504,Carson St/Wanda St,-37.92955499,145.16660301
12505,Redfern Cres/Wanda St,-37.92680587,145.16714914
12508,High Street Rd/Springvale Rd,-37.87360272,145.16677453
12509,Aurisch Ave/Springvale Rd,-37.87083696,145.16741151
12510,The Boulevard/Springvale Rd,-37.8684741,145.16787931
12511,Tolmie Way/Springvale Rd,-37.86510441,145.16850841
12512,Highbury Rd/Springvale Rd,-37.8629074,145.16921074
12513,Vision Dr/Springvale Rd,-37.8578886,145.16868703
12515,Panorama Dr/Springvale Rd,-37.85195536,145.16962944
12517,Mock St/Springvale Rd ,-37.84525831,145.17071557
12518,Norma Rd/Springvale Rd,-37.84162662,145.17130532
12519,Forest Hill Reserve/Springvale Rd,-37.83741997,145.17201147
12522,Glen Valley Rd/Springvale Rd,-37.83380028,145.17279395
12523,Cumberland Ct/Springvale Rd,-37.83144585,145.17322699
12524,Pindari Pl/Springvale Rd,-37.82896689,145.17376534
12525,High St/Springvale Rd,-37.82699947,145.17416606
12606,Hawksburn Cres/Wolf St,-37.87578344,145.235755
12639,Carinya Ct/Waverley Rd,-37.88539712,145.13281337
12640,Furness St/Blackburn Rd,-37.82678899,145.15258395
12706,Regent St/Waverley Rd,-37.88570897,145.13713775
12707,Sydare Ave/Dandenong Rd,-37.88530196,145.07379082
12708,Caulfield Grammar School/Glen Eira Rd,-37.87769483,145.0050225
12711,Blenheim Ave/Elgar Rd,-37.82383965,145.11377936
12712,Surrey Park/Elgar Rd,-37.82648062,145.11324629
12713,Piedmont St/Elgar Rd,-37.82967164,145.11273325
12714,Venice St/Elgar Rd,-37.83130805,145.1124984
12715,Byron St/Elgar Rd,-37.83431043,145.11202418
12717,Greenbank Ave/Eley Rd,-37.84445293,145.12185711
12718,Swinborne St/Eley Rd,-37.84490437,145.12586867
12719,Andrews St/Eley Rd,-37.84520591,145.12839532
12720,Cornfield Gr/Eley Rd,-37.84548993,145.13095653
12721,Middleborough Rd/Fulton Rd,-37.84154517,145.13509032
12722,Richmond St/Fulton Rd,-37.84190631,145.13797904
12723,Harrow St/Fulton Rd,-37.8422101,145.14066469
12724,Lucia St/Fulton Rd,-37.84261717,145.14418871
12725,Samuel Rd/Fulton Rd,-37.84283284,145.1458652
12726,Holland Rd/Fulton Rd,-37.8432626,145.14969555
12727,Hawthorn Rd/Holland Rd,-37.84529628,145.15007657
12728,Glenfern Ct/Grange Rd,-37.84662603,145.14924781
12729,Raven Ct/Grange Rd,-37.84637534,145.14706069
12795,Heathmont Uniting Church/Canterbury Rd,-37.82677545,145.2471939
12796,Heathmont Station/Canterbury Rd,-37.82905484,145.24533337
12797,Balfour Ave/Canterbury Rd,-37.83227582,145.24014385
12798,Great Ryrie St/Canterbury Rd,-37.83227651,145.2377804
12799,Erica Cres/Great Ryrie St,-37.82995511,145.23742658
12800,Doulton Ave/Great Ryrie St,-37.82817934,145.23740066
12801,Dresden Ave/Great Ryrie St,-37.82678262,145.23741117
12802,Emerald St/Great Ryrie St,-37.82153061,145.23754747
12803,Allen St/Great Ryrie St,-37.81929623,145.23758926
12804,Best St/Great Ryrie St,-37.81699012,145.23765546
12860,Pearwood St/Great Ryrie St,-37.82157344,145.23739876
12861,Allen St/Great Ryrie St,-37.81915022,145.23746776
12862,Best St/Great Ryrie St,-37.81690751,145.23755519
12911,Clive St/Garden Ave,-37.82201522,145.19811298
12912,Sunshine Ave/Creek Rd,-37.82323494,145.19654955
12913,Davey Ave/Hawthorn Rd,-37.90672999,145.01831926
12914,Caramar Ave/Union St,-37.90981376,145.02163742
12915,Thomas St/Union St,-37.91027133,145.02366117
12916,Thomas St/McKinnon Rd,-37.90939557,145.02517463
12917,Capitol Ave/McKinnon Rd,-37.90982456,145.02872331
12918,Lysbeth St/McKinnon Rd,-37.91004958,145.03032108
12919,Anne St/McKinnon Rd,-37.91020296,145.03140893
12920,Wheatley Rd/McKinnon Rd,-37.91044227,145.03332482
12921,Jasper Rd/McKinnon Rd,-37.9116831,145.04342654
12922,Wembley Gr/McKinnon Rd,-37.91197928,145.045523
12923,McKinnon Sec Col/McKinnon Rd,-37.91242813,145.04921928
12924,McKinnon Reserve/McKinnon Rd,-37.91272199,145.05172534
12925,Lord St/Tucker Rd,-37.91146205,145.05237281
12926,Blackshaw St/Tucker Rd,-37.91001537,145.05262707
12927,McKinnon PS/Tucker Rd,-37.907706,145.05302918
12928,North Rd/Koornang Rd,-37.90536869,145.05392107
12929,Florence St/Koornang Rd,-37.90344647,145.05430154
12930,Leila St/Koornang Rd,-37.90129942,145.05471065
12931,Oakleigh Rd/Koornang Rd,-37.89972756,145.05502498
12932,Miller St/Koornang Rd,-37.897859,145.05538123
12933,Moonya Rd/Koornang Rd,-37.89628638,145.05565006
12934,Munro Ave/Koornang Rd,-37.89464245,145.05596625
12935,Centre Rd/Koornang Rd,-37.89196562,145.05649153
12936,Carlisle Cres/Richardson St,-37.89912331,145.08410953
12937,Canterbury St/Kangaroo Rd,-37.9004967,145.08211776
12938,Darling St/Kangaroo Rd,-37.8999405,145.08006234
12939,25 Mount Pleasant Rd,-37.82277857,145.17861003
1294,Alan St/Dorking Rd,-37.80456059,145.13342
12940,East India Ave/Mount Pleasant Rd,-37.82429009,145.1784479
12941,Mount Pleasant Rd/Heather Gr,-37.82552554,145.17791761
12943,Haros Ave/Springvale Rd,-37.82733666,145.1744077
12944,Holberry St/Springvale Rd,-37.82989724,145.17390147
12945,Caves Gr/Springvale Rd,-37.83288934,145.17332774
12946,Thornhill Dr/Canterbury Rd,-37.8345129,145.16993563
12947,Canterbury Rd/Springvale Rd,-37.83558274,145.17267043
12948,Husband Rd/Springvale Rd,-37.83885304,145.17202154
12949,Poath Rd/Kangaroo Rd,-37.89869333,145.07653511
1295,Woodhouse Gr/Dorking Rd,-37.80299744,145.13373195
12950,Murrumbeena Park/Kangaroo Rd,-37.89807707,145.07246841
12951,Thaxted Rd/Kangaroo Rd,-37.89764133,145.06897705
12952,Second Ave/Kangaroo Rd,-37.89746132,145.06734413
12953,Murrumbeena Rd/Kangaroo Rd,-37.89721262,145.06537183
12954,Murrumbeena Rd/Coorigil Rd,-37.89620228,145.06476144
12955,Carool Rd/Coorigil Rd,-37.895868,145.06197263
12956,Warina Rd/Coorigil Rd,-37.89556425,145.05939913
12957,Koornang Rd/Coorigil Rd,-37.89517917,145.05627054
12958,Norman St/Simpson St,-37.82407476,145.19842646
12959,Cecil Ct/Ferris Ave,-37.82566918,145.19955793
1296,Dorking Rd/Roselea St,-37.80225784,145.13426167
12960,Ferris Ave/Glenburnie Rd,-37.82557151,145.2008328
12961,Orient Ave/Glenburnie Rd,-37.82744358,145.20067372
12962,Langford Ave/Glenburnie Rd,-37.8286679,145.20058717
12964,Oakleigh Station/Johnson St,-37.90053826,145.08743923
12965,Koornang Rd/Leila Rd,-37.9017346,145.05432388
12966,Wild Cherry Rd/Leila Rd,-37.90136947,145.05131964
12967,Melton Ave/Leila Rd,-37.90112164,145.04941552
12968,Plunkett Ave/Leila Rd,-37.90080445,145.04659203
12969,North Rd/Booran Rd,-37.90281808,145.03492672
1297,Second Ave/Heathfield Rise,-37.80283062,145.1379954
12970,Feodore St/Booran Rd,-37.9005452,145.03535111
12971,Booran Rd/Eumeralla Rd,-37.89866323,145.03490076
12972,Eumeralla Rd/Narrawong Rd,-37.89788238,145.03131646
12973,Marara Rd/Narrawong Rd ,-37.89674163,145.03154019
12974,Curraweena Rd/Marara Rd,-37.89639801,145.02985488
12975,Bambra Rd/Marara Rd,-37.89614831,145.02786004
12976,Bambra Rd/Dover St,-37.89584887,145.02666258
12977,Princes Park/Dover St,-37.89556905,145.02448661
12978,Nelson St/Dover St,-37.89530793,145.02289014
12979,Hawthorn Rd/Dover St,-37.89499986,145.02064673
1298,Middleborough Rd/Katrina St,-37.80331045,145.14212905
12980,Hawthorn Rd/Aileen Ave,-37.89456942,145.0202375
12981,Mercury St/Aileen Ave,-37.89403345,145.0162376
12982,Scott St/Langford Ave,-37.82928954,145.20234457
12983,Grange Rd/Leila Rd,-37.90057833,145.04491482
12984,Scott St/Churinga Ave,-37.82962824,145.20327941
12985,Rangeview PS/Churinga Ave,-37.82977584,145.20527559
12986,Purches St/Churinga Ave,-37.82977266,145.20802533
12987,Denis St/Purches St,-37.8307837,145.20872807
12988,Canterbury Rd/Purches St,-37.83257695,145.20871878
1299,Caroline Cres/Katrina St,-37.80359449,145.14471159
12997,Bentleigh Library/Jasper Rd,-37.91961027,145.04161248
12998,Bentleigh Reserve/Jasper Rd,-37.9214251,145.04127993
12999,London St/Jasper Rd,-37.92456891,145.04066181
1300,Morrie Cres/Katrina St,-37.80387847,145.14729415
13000,Wilma St/Patterson Rd,-37.92644787,145.04255738
13001,Hobart St/Patterson Rd,-37.92678112,145.04525625
13002,Montreal St/Patterson Rd,-37.92703974,145.04726313
13003,Tucker Rd/Patterson Rd,-37.92728857,145.04922477
13004,Tucker Rd/Mawby Rd,-37.928676,145.04974558
13005,Corolla Ave/Mawby Rd,-37.92888443,145.05144666
13007,Rowan Ave/Mawby Rd,-37.92936258,145.05529095
13008,East Boundary Rd/Mawby Rd,-37.92957975,145.05698046
13009,East Boundary Rd/Bellevue Rd,-37.93053046,145.05779737
1301,Lantana St/Katrina St,-37.80428619,145.15087317
13010,Celia St/Bellevue Rd,-37.93076804,145.05963428
13011,Brad St/Bellevue Rd,-37.93100372,145.06135748
13012,Chesterville Rd/Bellevue Rd,-37.93145276,145.06290443
13013,Brady Rd/Bellevue Rd,-37.93178219,145.06539888
13014,Normdale Rd/Brady Rd,-37.93077645,145.06616479
13018,Harley St/Ferntree Gully Rd,-37.89749041,145.24519936
13019,O'Connor Rd/Ferntree Gully Rd,-37.89797765,145.24101397
1302,Katrina St/Koonung Rd,-37.80474362,145.15303121
13021,Stud Rd/Ferntree Gully Rd,-37.89927664,145.23207799
13022,Koornang Rd/Ferntree Gully Rd,-37.89925561,145.22708575
13023,Caribbean Gardens/Ferntree Gully Rd,-37.89928996,145.22458287
13024,Caribbean Dr/Ferntree Gully Rd,-37.90114317,145.21899956
13025,Chesterfield Farm/Ferntree Gully Rd,-37.90589041,145.21054798
13026,Elmstead Dr/Ferntree Gully Rd,-37.90835889,145.20221903
13027,Palmerston Cres/Ferntree Gully Rd,-37.90761572,145.19546946
13028,Jells Rd/Ferntree Gully Rd,-37.90682458,145.18797051
13029,Sheringham Dr/Ferntree Gully Rd,-37.90622594,145.18362896
1303,Merle St/Koonung Rd,-37.80780804,145.15247779
13030,Lum Rd/Ferntree Gully Rd,-37.90567925,145.17916109
13031,Ainslie Dr/Ferntree Gully Rd,-37.90525793,145.17639626
13032,View Mount Rd/Ferntree Gully Rd,-37.90490738,145.1735501
13035,Springvale Rd/Ferntree Gully Rd,-37.90352271,145.16044789
13036,Woodlea Dr/Ferntree Gully Rd,-37.90305702,145.15660389
13037,Westerfield Dr/Ferntree Gully Rd,-37.90225631,145.14979987
13038,Blackburn Rd/Ferntree Gully Rd,-37.90141193,145.1436795
13039,Notting Hill Community Hall/Ferntree Gully Rd,-37.90120413,145.14193326
1304,North Blackburn Square SC/Springfield Rd,-37.81052423,145.15270543
13040,Howleys Rd/Ferntree Gully Rd,-37.90086789,145.1389051
13041,Ferntree Pl Pl/Ferntree Gully Rd ,-37.90037681,145.13407257
13042,282 Ferntree Gully Rd,-37.90022275,145.1328823
13043,Gardiner Rd/Ferntree Gully Rd,-37.89974119,145.12866375
13044,Clayton Rd/Ferntree Gully Rd,-37.89917944,145.12394689
13045,Patrick St/Ferntree Gully Rd,-37.89881724,145.12157918
13046,Highland Ave/Ferntree Gully Rd,-37.89846857,145.11836957
13047,Macrina St/Ferntree Gully Rd,-37.89801716,145.11437791
13048,Dublin St/Ferntree Gully Rd,-37.8974717,145.11014988
13049,Huntingdale Rd/Ferntree Gully Rd,-37.89713982,145.1068831
1305,Surrey Rd/Springfield Rd,-37.81088266,145.15602476
13050,Holy Redeemer Catholic PS/Ferntree Gully Rd,-37.89701124,145.10561268
13051,Cheel St/Ferntree Gully Rd,-37.8966487,145.1026879
13052,Princes Hwy/Ferntree Gully Rd,-37.89630172,145.09961491
13053,Clyde St/Princes Hwy,-37.89523291,145.09593508
13054,Logie St/Atkinson St,-37.89510747,145.09319763
13056,Bentleigh Library/Jasper Rd,-37.919608,145.04147603
13057,Bentleigh Reserve/Jasper Rd,-37.92162887,145.04106976
13058,London St/Jasper Rd,-37.92435159,145.04059932
13060,Roma St/Patterson Rd,-37.92657046,145.04288406
1308,Junction Rd/Marchiori Rd,-37.80743648,145.16444782
1309,Essex St/Marchiori Rd,-37.81024024,145.16393538
1311,Stuart St/Clow St,-37.98513793,145.21746015
1312,Clement St/Clow St,-37.98563531,145.22174075
1313,Ross St/Clow St,-37.98599653,145.22477218
1314,Robert Booth Reserve/Clow St,-37.98654555,145.2295071
1315,Betula St/Kidds Rd,-37.98680571,145.2318237
1316,Doveton Baptist Church/Kidds Rd,-37.98756686,145.23870572
1317,Linden Place SC/Power Rd,-37.98537542,145.23980566
1318,Plum St/Power Rd,-37.9823645,145.24034442
1319,Power Reserve/Power Rd,-37.9801992,145.24078325
1320,Griffith St/Power Rd,-37.97639858,145.24154571
1321,Aldridge St/Power Rd,-37.97465566,145.24190607
1322,Essex Park Dr/Power Rd,-37.97116828,145.24252432
1323,Cassia Ct/Power Rd,-37.96865231,145.2430169
1324,Power Rd/Kennington Park Dr,-37.96699046,145.24397857
1325,Finchley Ct/Kennington Park Dr,-37.96721453,145.24873154
13269,Hobart St/Patterson Rd,-37.92690465,145.0456398
13270,Montreal St/Patterson Rd,-37.92711237,145.04729534
13271,Tucker Rd/Patterson Rd,-37.92735931,145.04914326
13272,Tucker Rd/Mawby Rd,-37.92874542,145.04958446
13273,Corolla Ave/Mawby Rd,-37.9289745,145.05144428
13275,Mervin St/Mawby Rd,-37.92942112,145.05501636
13276,Mawby Rd/East Boundary Rd,-37.92987907,145.05709773
13277,East Boundary Rd/Bellevue Rd,-37.9305922,145.0577161
13278,Celia St/Bellevue Rd,-37.93083917,145.05957552
13279,Brad St/Bellevue Rd,-37.93107691,145.06142382
13280,Chesterville Rd/Bellevue Rd,-37.93155709,145.06322026
13281,Brady Rd/Bellevue Rd,-37.93184505,145.06538586
13282,Moorleigh Community Village/Bignell Rd,-37.93272564,145.0696181
13283,Normdale Rd/Brady Rd,-37.93124524,145.06617526
13284,Centenary Park Tennis Club/Brady Rd,-37.92643892,145.0670862
13285,Florence St/Brady Rd,-37.92388779,145.06758531
13286,North Rd/Austin St,-37.90819098,145.07814178
13287,Hughesdale PS/Austin St,-37.90519105,145.07875439
13288,Barkly St/Hotham St,-37.90296711,145.07832318
13289,Kangaroo Rd/Hotham St,-37.89985378,145.07916614
13293,Warrigal Rd/Carlisle Cres,-37.89975174,145.08673173
13295,Byron St/Hampton St,-37.90888613,145.00778585
13296,Halifax St/Hampton St,-37.91320799,145.00703226
13297,Lloyds Ave/Neerim Rd,-37.88691521,145.04375259
13298,Grange Rd/Neerim Rd,-37.88723,145.04642778
13299,Milton St/Neerim Rd,-37.88753852,145.04872791
13300,Tooronga Station/Tooronga Rd,-37.85044698,145.04281892
13301,Seymour Ave/Neerim Rd,-37.88776457,145.05040484
13302,Mimosa Rd/Neerim Rd,-37.88803905,145.05283099
13303,Truganini Rd/Neerim Rd,-37.88859234,145.05522708
13305,Centre Rd/Hampton St,-37.91412464,145.0068824
13309,Ashwood Reserve/Power Ave,-37.87271724,145.09289969
13310,Jingella Ave/Power Ave,-37.87327265,145.09714865
13311,Allambi St/Power Ave,-37.87311048,145.09882403
13312,Batesford Rd/Power Ave,-37.87502363,145.1006621
13339,Rowville Community Centre/Fulham Rd,-37.91883213,145.24046038
1334,Glenelg St/Outlook Dr,-37.94030777,145.21178455
13346,Erie Ave/Bridgewater Way,-37.91505639,145.24470239
1335,Hunter St/Outlook Dr,-37.94072808,145.21513127
1336,Towong St/Outlook Dr,-37.9422842,145.21909924
1337,Murray Rd/Outlook Dr,-37.94504589,145.21877082
1338,Somerset Dr/Outlook Dr,-37.94629473,145.21732952
1339,Huxley Ave/Outlook Dr,-37.94836227,145.21639187
1340,Outlook Village SC/Outlook Dr,-37.95010237,145.2200144
1341,Oxford Ct/Outlook Dr,-37.9518238,145.2224084
1342,Surrey Rd/Outlook Dr,-37.95466266,145.22301148
1343,135 Brady Rd,-37.9553844,145.22425745
1344,Cheam St/Stud Rd,-37.963245,145.22500151
1345,McFees Rd/Stud Rd,-37.96537437,145.22457459
1346,Judith St/Stud Rd,-37.9680881,145.22405387
1347,Heatherton Rd/Stud Rd,-37.97165747,145.22350111
1348,Chisholm TAFE/Stud Rd,-37.97486546,145.22288869
1349,Stud Rd/David St,-37.97773834,145.22276247
135,Walmer St/Studley Park Rd,-37.80345235,145.01121307
1350,Valley Village Mews Ret Village/David St,-37.9781535,145.22638432
1351,Jesson Cres/Ross St,-37.98052654,145.22657767
1352,King St/Ross St,-37.98380609,145.22592942
1353,Sarona St/Ross St,-37.98558567,145.22561329
1359,Springfield Rd/Koonung Rd,-37.81003716,145.15210417
136,Melbourne Life Christian Church/Cotham Rd,-37.80980468,145.05648965
1360,Goodwin St/Springfield Rd,-37.81186499,145.16467893
1361,Almer Ave/Springfield Rd,-37.81213882,145.16721668
1362,Mardion Dr/Springfield Rd,-37.81249756,145.17058159
13627,Highview Rd/Brady Rd,-37.92970751,145.06637484
13628,Centenary Park Tennis Club/Brady Rd,-37.92653652,145.06699263
13629,Florence St/Brady Rd,-37.92391313,145.06748226
1363,Newman Rd/Springfield Rd,-37.81285816,145.17349211
13630,Dover St/Centre Rd,-37.92251611,145.07021502
13631,North Rd/Austin St,-37.9083873,145.07802293
13632,Hughesdale PS/Austin St,-37.90490205,145.07871642
13633,Ellendale St/Hotham St,-37.9030375,145.07821899
13634,Kangaroo Rd/Hotham St,-37.89992287,145.07898238
13636,Kangaroo Rd/Earlstown Rd,-37.90043582,145.08501944
13637,Harp Rd/Normanby Rd,-37.80029507,145.05527382
13638,Campbell St/Normanby Rd,-37.80201955,145.05492193
13639,Argyle Rd/Normanby Rd,-37.80376222,145.0545809
13640,Parkhill Rd/Normanby Rd,-37.80519074,145.05431625
13642,Cotham Rd/Normanby Rd,-37.80927924,145.05359556
13643,Cotham Rd/John St,-37.80960934,145.05230333
13644,John St/Sackville St,-37.812983,145.05140815
13645,Thomas St/Sackville St,-37.81259143,145.04844229
13646,Fitzwilliam St/Wrixon St,-37.81369989,145.04681141
13647,Rae St/Auburn Rd,-37.81728162,145.04596724
13648,Liddiard St/Auburn Rd,-37.82031857,145.04542137
1365,McCulloch St/Springfield Rd,-37.81189061,145.17968415
13650,Oxley Rd/Auburn Rd,-37.82537588,145.04443584
13651,Urquhart St/Auburn Rd,-37.82761262,145.04400185
13652,Riversdale Rd/Auburn Rd,-37.83001207,145.04359763
13653,Harts Pde/Auburn Rd,-37.83171022,145.04329144
13654,Currajong Rd/Auburn Rd,-37.83355136,145.04291328
13655,Scotch Cct/Auburn Rd,-37.83580649,145.04250143
13658,Auburn Rd/Airedale Ave,-37.83787773,145.04241259
13659,Auburn South PS/Tooronga Rd,-37.83921761,145.04603619
1366,Dunlavin Rd/Springfield Rd,-37.80975982,145.18409839
13661,Cato St/Tooronga Rd,-37.84331484,145.04530303
13662,Tooronga SC/Tooronga Rd,-37.84588392,145.04480334
13663,Tooronga Station/Tooronga Rd,-37.85065958,145.04259736
13664,Malvern Rd/Tooronga Rd,-37.85345214,145.04198931
13665,East St/Tooronga Rd,-37.85589641,145.04157229
13666,Parkmore Rd/Springvale Rd,-37.84157681,145.17157929
13667,Forest Hill Police Station/Springvale Rd ,-37.84518235,145.17104702
13668,Emmaus College/Springvale Rd,-37.84767348,145.17071271
13669,Mullens Rd/Springvale Rd,-37.85162805,145.17002397
13670,Burwood Hwy/Springvale Rd,-37.85401018,145.16963545
13671,Burwood Hwy/Springvale Rd,-37.85419229,145.16917631
13672,Weeden Dr/Springvale Rd,-37.85917329,145.1690076
13673,Highbury Rd/Springvale Rd,-37.8612244,145.16877497
13674,Foxley St/Springvale Rd,-37.86546758,145.16868131
13675,Campbell St/Springvale Rd,-37.86846015,145.16814112
13677,Monash Dr/Springvale Rd,-37.91184308,145.16002454
13679,Clunies Ross Cres/Springvale Rd,-37.91639082,145.15924007
1368,Mullauna College/Springfield Rd,-37.80706146,145.18970756
13680,Wellington Rd/Springvale Rd,-37.92037245,145.15856062
13681,Mackie Rd/Springvale Rd,-37.92489735,145.15746934
13683,Princes Hwy/Springvale Rd,-37.93134349,145.15648921
13685,Cheltenham Rd/Springvale Rd,-37.99144875,145.14480547
13688,Princeton Dr/Springvale Rd,-37.99923673,145.14320847
13690,Hutton Rd/Springvale Rd,-38.00917329,145.14128348
13691,The Waterways Bvd/Springvale Rd,-38.01648663,145.1398799
13692,Pillars Rd/Springvale Rd,-38.02261208,145.13630744
13693,Egret Dr/Edithvale Rd,-38.02920178,145.12963509
13696,Keith Ave/Kinross Ave,-38.03402322,145.11723009
13697,Kinross Ave/Rae Ave,-38.03312,145.11597715
13698,Montrose Ave/Rae Ave,-38.03385925,145.11374785
13699,Clydebank Rd/Rae Ave,-38.03499469,145.11038034
137,Caritas Christi Hospice/Studley Park Rd,-37.80558943,145.01609657
1370,Thomas St/Burnett St,-37.81210033,145.20036468
13701,Montrose Ave/Edithvale Rd,-38.03673346,145.11427799
13702,Edithvale Rd/Munro Ave,-38.03712751,145.11524778
13703,Fraser Ave/Munro Ave,-38.03911961,145.11640451
13704,Bayside Ave/Munro Ave,-38.04156684,145.11784592
13705,Cross Rd/Elsie Gr,-38.04324414,145.11791692
13706,Cross Rd/Ella Gr,-38.04406427,145.11904683
13707,Chelbara General Store/Baxter Ave,-38.04439324,145.12214932
13708,Baxter Ave/Embankment Gr,-38.04686607,145.12181264
13709,Bertrand Rd/Embankment Gr,-38.04775771,145.1189637
1371,Highland Ave/Edgerton Rd,-37.81194479,145.20434429
13712,High St/Tooronga Rd,-37.85846528,145.04106101
1372,Trenham Ct/Highland Ave,-37.81044239,145.20569837
1373,Irene Cres/Wattle Valley Rd,-37.81136861,145.20911785
1374,Edgerton Rd/Deep Creek Rd,-37.81260547,145.21104182
1375,Poynton Ave/Loughnan Rd,-37.80941919,145.21784334
1376,Timbertop Rd/Montalbo Rd,-37.80730047,145.21719003
1377,Craig Rd/Glenvale Rd,-37.80526353,145.21479693
1378,Lookover Rd/Glenvale Rd,-37.80372663,145.21507246
13780,Power Ave/Waverley Rd,-37.88220786,145.10692443
13781,Waverley Rd/Huntingdale Rd,-37.88306986,145.10897175
13782,Amaroo St/Power Ave,-37.87610621,145.1018508
138,Hume St/Studley Park Rd,-37.80661021,145.01945405
1380,Werac Dr/Felix Cres,-37.80125609,145.2197546
1381,Panorama Ave/Felix Cres,-37.80197442,145.22375809
1384,Loughnan Rd/Evelyn Rd,-37.80520765,145.22600913
1385,Loughnan Rd/Ringwood St,-37.80601074,145.22727344
1387,Springfield Rd/Springvale Rd,-37.81268327,145.17674526
1388,Tasman Ave/Junction Rd,-37.80832994,145.17496676
1389,Lynette St/Junction Rd,-37.80787649,145.17129766
1390,Barnsley St/Junction Rd,-37.80751266,145.16818297
13996,Sycamore St/Waverley Rd,-37.87940118,145.06951039
14,Chadwick Reserve/Howard Rd,-37.98372431,145.12088476
140,Dunlop Ave/Studley Park Rd,-37.80666325,145.02261027
14165,Mountain Hwy/Stud Rd,-37.84423004,145.24828085
14166,Leonard St/Stud Rd,-37.84822573,145.24608374
14168,King St/Stud Rd,-37.98317603,145.22120805
14169,Herbert St/Stud Rd,-37.98102849,145.22162424
14170,Bruce St/Stud Rd,-37.97887159,145.22201787
14172,Police Rd/Stud Rd,-37.94206936,145.2305409
14173,Timbertop Dr/Stud Rd,-37.93628265,145.23166962
14174,Sunshine St/Stud Rd,-37.93372133,145.23214062
14175,Bergins Rd/Stud Rd,-37.93008237,145.23286494
14176,Turramurra Dr/Stud Rd,-37.92337826,145.23411759
14177,Stud Park SC/Stud Rd,-37.91818486,145.23515188
14178,Lakeside Bvd/Stud Rd,-37.91305383,145.23613902
14179,Kelletts Rd/Stud Rd,-37.91137363,145.23647489
14180,Kingsley Cl/Stud Rd,-37.90717727,145.23729166
14181,Centre Rd/Stud Rd,-37.90361487,145.23651226
14182,Ferntree Gully Rd/Stud Rd,-37.89989478,145.23363268
14183,Scoresby Village SC/Stud Rd,-37.89811255,145.23317488
14184,Glenifer Ave/Stud Rd,-37.89597491,145.23305541
14186,Evans St/Stud Rd,-37.89244228,145.23306027
14187,Armin St/Stud Rd,-37.88873865,145.23308058
14188,Mockridge St/Stud Rd,-37.88627925,145.23313937
14189,Harcrest Bvd/Stud Rd,-37.88282735,145.23311953
14190,High Street Rd/Stud Rd,-37.87760922,145.23310779
14191,Swinburne TAFE/Stud Rd,-37.87374257,145.23307511
14222,Aplin Pl/Tintern Cres,-37.88548431,145.22343628
14223,Phyllis St/Stud Rd,-37.84799014,145.24599841
14226,King St/Stud Rd,-37.98458452,145.22078691
14227,Herbert St/Stud Rd,-37.98112465,145.22142837
14228,Bruce St/Stud Rd,-37.97838392,145.22194994
14229,Chisholm TAFE/Stud Rd,-37.97473555,145.22264136
14230,Seebeck Rd/Stud Rd,-37.94003357,145.2306011
14231,Timbertop Dr/Stud Rd,-37.93700586,145.23121989
143,Banool Ave/Studley Park Rd,-37.80697921,145.02532788
14421,Harley St/Ferntree Gully Rd,-37.89721351,145.24536515
14422,O'Connor Rd/Ferntree Gully Rd,-37.89780767,145.24109762
14423,Sara Rd/Ferntree Gully Rd,-37.89890808,145.23394059
14424,Stud Rd/Ferntree Gully Rd,-37.89905616,145.23179894
14425,Borg Cres/Ferntree Gully Rd,-37.89906608,145.22706755
14426,Borg Cres/Ferntree Gully Rd,-37.89901172,145.22346364
1447,Scullin St/Boyd St,-37.96460989,145.21336931
1448,Boyd St/Curtin Cres,-37.96461099,145.21047799
1449,Curtin Cres/Menzies Ave,-37.96548517,145.20870376
145,Kew Junction/Studley Park Rd,-37.80714832,145.02789039
1450,Fadden St/Menzies Ave,-37.96451153,145.20690614
1451,Kandra St/Gladstone Rd,-37.96210624,145.20637275
1452,Carlton Rd/Gladstone Rd,-37.95960794,145.20683191
1453,Lyndale Sec Col/Gladstone Rd,-37.95757704,145.20721138
1454,Brady Rd/Gladstone Rd,-37.9540185,145.20787835
1459,Abbotsford Ave/Chadstone Rd,-37.88066342,145.07946018
14616,Collingwood St/Bay Rd,-37.95264266,145.01127039
14617,Gladstone St/Bay Rd,-37.9528877,145.01350582
14618,John Batman Gardens/Bay Rd,-37.95319174,145.01603559
14619,Rose St/Bay Rd,-37.95345165,145.01808855
14620,Bluff Rd/Bay Rd,-37.95366725,145.02018825
14621,Lansell Ave/Bay Rd,-37.9539629,145.02276382
14622,Bay Road Heathland Reserve/Bay Rd,-37.95434126,145.02597454
14623,Aberdeen Rd/Bay Rd,-37.95469884,145.02902651
14624,Brixton Rd/Bay Rd,-37.9550075,145.0318522
14625,Cloyne St/Bay Rd,-37.95538561,145.03506302
14626,Middleton St/Bay Rd,-37.95563656,145.03713912
14627,Chandos St/Bay Rd,-37.95607397,145.04121342
14628,Bay Rd/Jack Rd,-37.95675945,145.04341461
14629,Luxmoore St/Jack Rd,-37.95898711,145.04297988
14630,Stuart Ave/Jack Rd,-37.96050581,145.04272331
1464,Odessa Ct/Haverbrack Dr,-37.92952429,145.20375157
14658,Helpmann St/Mowbray Dr,-37.88488158,145.22470155
1467,Wellington Rd/Garnett Rd,-37.92257046,145.1992564
1468,Tourmaline Cres/Whalley Dr,-37.92129511,145.19777446
1469,Hillard Ct/Whalley Dr,-37.92046604,145.19483688
14694,Amour Ct/Mowbray Dr,-37.88312102,145.22389104
1470,Bracken Ct/Whalley Dr,-37.91976048,145.19114553
14700,Tasman Cl/Mowbray Dr,-37.88019885,145.2231426
1471,Woodington Dr/Whalley Dr,-37.91803181,145.18949288
14715,Roycroft Ave/Mowbray Dr,-37.87778234,145.22484927
14716,Fonteyn Dr/High Street Rd,-37.87674411,145.221145
1472,Mena Ct/Whalley Dr,-37.91479041,145.19026625
1473,Jells Rd/Grandview Rd,-37.91329927,145.18882404
14733,Brisbane St/Murrumbeena Rd,-37.88550351,145.06739529
14734,Adelaide St/Murrumbeena Rd,-37.88704839,145.067082
14737,Innellan Rd/Murrumbeena Rd,-37.89298657,145.06594871
1474,Bruford Ave/Jells Rd,-37.91196206,145.18801509
14740,Ariadne Ave/Murrumbeena Rd,-37.89415442,145.06572483
14741,Thomson Ave/Murrumbeena Rd,-37.89589766,145.06541763
14742,Murrumbeena Cres/Murrumbeena Rd,-37.89906941,145.06484556
14743,St Patricks PS/Murrumbeena Rd,-37.90181891,145.06435273
14744,Wallace Ave/Crosbie Rd,-37.90359268,145.06480669
14745,Duncan MacKinnon Reserve/Crosbie Rd,-37.90587105,145.06580475
14746,North Rd/Marlborough St,-37.90779773,145.06898453
14747,Blenheim St/Marlborough St,-37.90944002,145.06856624
14748,Marlborough Street Reserve/Marlborough St,-37.91176541,145.06803906
14749,Latham St/Marlborough St,-37.91360699,145.06768376
1475,Wheelers Hill Shopping Centre/Jells Rd,-37.91033189,145.18924942
14750,Castlewood St/Marlborough St,-37.91563698,145.067278
14752,Marlborough St/Stockdale Ave,-37.91743654,145.06655974
14753,Bailey Reserve/Stockdale Ave,-37.91656692,145.06299926
14754,Gardeners Rd/Quinns Rd,-37.91916985,145.06181615
14755,Quinns Rd/East Boundary Rd,-37.91941367,145.05965972
14756,Centre Rd/East Boundary Rd,-37.92141679,145.05926579
14757,Amiriya St/East Boundary Rd,-37.92446088,145.05860555
14758,Jackson Lane/East Boundary Rd,-37.92711011,145.05804665
14759,King George VI Memorial Reserve/East Boundary Rd,-37.92919373,145.05761638
1476,Bruford Ave/Jells Rd,-37.9122611,145.1881215
14760,Adrian St/East Boundary Rd,-37.93194224,145.05706617
1477,Jells Rd/Phoenix Dr,-37.91349857,145.18713563
1478,Waverley Meadows Primary School/Columbia Dr ,-37.9149065,145.18434824
1479,Vanessa Cres/Columbia Dr,-37.91830575,145.18387787
1480,Brandon Park Dr/Columbia Dr,-37.91970028,145.1819779
1481,Wellington Rd/Brandon Park Dr,-37.92068669,145.18107764
1487,Nantilla Rd/Wellington Rd,-37.91723704,145.14884439
14876,Wilson St/Tooronga Rd,-37.86136706,145.04051813
14903,Wattletree Rd/Tooronga Rd,-37.86366701,145.04009347
14904,Wheatland Rd/Tooronga Rd,-37.86635316,145.03959033
14905,Childers Rd/Tooronga Rd,-37.86870696,145.0391528
14906,Findon St/Tooronga Rd,-37.87134825,145.03866214
14907,Caulfield Station/Normanby Rd,-37.87753933,145.04190872
14908,Eskdale Rd/Kambrook Rd,-37.87750979,145.03526982
14909,Wilgra Cres/Booran Rd,-37.88313207,145.03574576
14910,Glen Eira College/Booran Rd,-37.8850035,145.03718557
14911,Roseberry Gr/Neerim Rd,-37.88648378,145.03948862
14913,Watson Gr/Neerim Rd,-37.8870017,145.04353426
14914,Grange Rd/Neerim Rd,-37.88738332,145.0464351
14915,Maroona Rd/Neerim Rd,-37.88760323,145.04828274
14916,St Huberts Rd/Neerim Rd,-37.88786403,145.05042496
14917,Mimosa Rd/Neerim Rd,-37.88815596,145.05281654
14918,Truganini Rd/Neerim Rd,-37.88865314,145.05508902
14919,Warrigal Rd/Power Ave,-37.87287993,145.0929296
14920,Jingella Ave/Power Ave,-37.87332909,145.09729499
14921,Allambi St/Power Ave,-37.87320221,145.09892399
14922,Tandara Ct/Power Ave,-37.87455633,145.10018524
14923,Batesford Reserve/Power Ave,-37.87602938,145.10155718
14930,Waverley Rd/Huntingdale Rd,-37.88340888,145.10875841
14931,Oakpark Dr/Huntingdale Rd,-37.89109057,145.10729961
14932,Estelle St/Huntingdale Rd,-37.89294903,145.10686537
14933,Ferntree Gully Rd/Huntingdale Rd,-37.89613814,145.1062378
14934,Edgar St/Durrant St,-37.91201605,145.00635921
14935,Centre Rd/Hampton St,-37.91426187,145.00700382
14936,Shasta Ave/Hampton St,-37.91687575,145.006501
14937,Hampton St/Marriage Rd,-37.91847091,145.00703809
14938,Henty St/Marriage Rd,-37.91879999,145.00997549
14944,Vunabere Ave/Nepean Hwy,-37.92359466,145.02551153
14945,McArthur St/Nepean Hwy,-37.92626033,145.02809102
14946,Howell St/Nepean Hwy,-37.92994274,145.03165615
14947,North Ave/Nepean Hwy,-37.93113257,145.0327508
14948,Moorabbin Station/Nepean Hwy,-37.93461459,145.03619656
14949,Schofield St/Nepean Hwy,-37.93955387,145.03949014
1495,Blackburn Rd/Wellington Rd,-37.9159715,145.13945727
14950,Barilla Rd/Nepean Hwy,-37.94151403,145.04084906
14951,Wickham Rd/Nepean Hwy,-37.94676683,145.04457874
14952,Matthieson Lane/Nepean Hwy,-37.95320431,145.0491084
14953,Sir William Fry Reserve/Nepean Hwy,-37.95553575,145.0505832
1497,Monash University/Wellington Rd,-37.91547808,145.13561346
1498,Wellington Rd/Princes Hwy,-37.91386126,145.12630397
15,Village Dr/Howard Rd,-37.98138967,145.12141112
1500,Patrick St/Princes Hwy,-37.90999234,145.12047603
15001,Percy St/Brunswick Rd,-37.81814091,145.19464001
15002,Creek Rd/Brunswick Rd,-37.81818875,145.19776297
15003,Brunswick Rd/Reserve Ave,-37.81880351,145.20024734
15004,Berry Ave/Reserve Ave,-37.82056108,145.20026146
15005,Garden Ave/Reserve Ave,-37.82186769,145.20025244
15006,Nyadale Dr/Ferntree Gully Rd,-37.90103024,145.21868383
15007,Chesterfield Farm/Ferntree Gully Rd,-37.90576829,145.2102211
15008,Marykirk Dr/Ferntree Gully Rd,-37.908178,145.20158647
15009,Petronella Ave/Ferntree Gully Rd,-37.9075347,145.1960629
1501,Leumear St/Princes Hwy,-37.90841787,145.11782041
15010,Jells Rd/Ferntree Gully Rd,-37.90668299,145.18872467
15011,Sheringham Dr/Ferntree Gully Rd,-37.90603822,145.1831445
15012,Lum Rd/Ferntree Gully Rd,-37.90555147,145.18022201
15013,Threadbow Cres/Ferntree Gully Rd,-37.90524855,145.17695381
15014,View Mount Rd/Ferntree Gully Rd,-37.90490914,145.17424386
15015,Cootamundra Dr/Ferntree Gully Rd,-37.9044386,145.17121871
15016,Watsons Rd/Ferntree Gully Rd,-37.90429832,145.16915217
15017,Brandon Park Reserve/Ferntree Gully Rd,-37.90374491,145.16486668
15018,Rosemary Ct/Ferntree Gully Rd,-37.90319189,145.15888659
15019,Avonhurst Dr/Ferntree Gully Rd,-37.901923,145.14980822
1502,Macrina St/Princes Hwy,-37.90585488,145.11365465
15020,Blackburn Rd/Ferntree Gully Rd,-37.90134793,145.1441929
15021,Howleys Rd/Ferntree Gully Rd,-37.90074429,145.13906744
15022,Gilby Rd/Ferntree Gully Rd,-37.90009197,145.1337272
15024,Forster Rd/Ferntree Gully Rd,-37.89965352,145.1299511
15025,Stephensons Rd/Ferntree Gully Rd,-37.89921418,145.12556094
15026,Eileen St/Ferntree Gully Rd,-37.89865539,145.1210374
15027,Sunnyside Rd/Ferntree Gully Rd,-37.8982835,145.11806723
15028,Adrienne Cres/Ferntree Gully Rd,-37.8978664,145.11565549
15029,Stanley Ave/Ferntree Gully Rd,-37.89770896,145.11370342
1503,Waverley Rd/Chadstone Rd,-37.87879476,145.0798157
15030,Kevin St/Ferntree Gully Rd,-37.89721424,145.10926941
15031,Huntingdale Rd/Ferntree Gully Rd,-37.89699624,145.10692089
15032,Devon Gr/Ferntree Gully Rd,-37.89651413,145.10272547
15033,Stamford Rd/Ferntree Gully Rd,-37.89627431,145.10015011
15034,Taylor St/Atkinson St,-37.89598492,145.09284519
1504,Dublin St/Princes Hwy,-37.90289472,145.10889657
15044,Knox Pl/Kathryn Rd,-37.89437704,145.24915123
15045,Janden Cl/Kathryn Rd,-37.89252938,145.24913814
15046,Pejaro Ct/Kathryn Rd,-37.89073611,145.24914651
15047,Kathryn Rd/Anne Rd,-37.8886604,145.24834282
15048,Harley St/Anne Rd,-37.88865729,145.24631879
15049,Towner Dr/Anne Rd,-37.88916445,145.2434639
15050,O'Connor Rd/Anne Rd,-37.89030827,145.24100319
15051,Scoresby Sec Col/Zerfas St ,-37.89011208,145.23752815
15052,Zerfas St/Rosehill St,-37.89050283,145.23654087
15053,Olga St/Rosehill St,-37.89252165,145.23654956
15054,Rumann Ave/Rosehill St,-37.8946122,145.23653379
15055,Glenifer Ave/Rosehill St,-37.89654977,145.23653304
15056,Brentwood Dr/Watsons Rd,-37.90313407,145.16788445
15057,Hampstead Cres/Watsons Rd,-37.9022267,145.16806618
15058,Heath St/Watsons Rd,-37.89983647,145.16851213
15059,Brentwood Sec Col/Watsons Rd,-37.89833596,145.16879952
15061,Capella Ct/Watsons Rd,-37.89614356,145.16921777
15062,Clitus St/Watsons Rd,-37.89440935,145.16954504
15063,Mannering Dr/Watsons Rd,-37.89222577,145.16995165
15064,Waverley Rd/Watsons Rd,-37.89019516,145.17034308
15065,Olinda St/Waverley Rd,-37.88932468,145.16884086
15066,Larkspur Cct/Waverley Rd,-37.8890835,145.16666355
15067,Springvale Rd/Waverley Rd,-37.8889135,145.16500756
1507,York Ave/Atherton Rd,-37.90035859,145.10194437
15147,Bergins Rd/Stud Rd,-37.93050761,145.23237689
15148,Avalon Rd/Stud Rd,-37.92225896,145.23399647
15149,Stud Park SC/Stud Rd,-37.91717264,145.23495993
15150,Lakeside Bvd/Stud Rd,-37.91279715,145.23584939
15151,Kelletts Rd/Stud,-37.91010152,145.23638014
15152,Kingsley Cl/Stud Rd,-37.9075767,145.23688403
15153,Centre Rd/Stud Rd,-37.90177529,145.23463407
15154,Scoresby Village SC/Stud Rd,-37.89850296,145.2327675
15155,The Close/Stud Rd,-37.89589891,145.23279566
15156,Sheppard Dr/Stud Rd,-37.89298806,145.23279703
15157,Evans St/Stud Rd,-37.89047359,145.23278893
15158,George St/Stud Rd,-37.88868016,145.23278632
15159,Mockridge St/Stud Rd,-37.88548102,145.23279458
15160,Harcrest Bvd/Stud Rd,-37.88165075,145.2327838
15161,High Street Rd/Stud Rd,-37.87626111,145.23275344
15162,Swinburne TAFE/Stud Rd,-37.87273782,145.23278079
15163,Knox City Shopping Centre/Stud Rd,-37.86659769,145.23619009
15164,Bladon St/Stud Rd,-37.86444409,145.2374123
15165,Harold St/Stud Rd,-37.86045574,145.23948518
15166,Teddington Way/Stud Rd,-37.8567269,145.24143799
15167,Boronia Rd/Stud Rd,-37.85420489,145.24273682
15168,Amesbury Ave/Boronia Rd,-37.85144569,145.23901757
1517,Scott St/Pickett St,-37.98548321,145.20756851
15170,Yorkminster Ave/Boronia Rd,-37.84963361,145.23355985
15171,Ainsdale Ave/Boronia Rd,-37.84859452,145.23037967
15172,Boronia Rd/Wantirna Rd,-37.84701106,145.22696258
15173,Clarence Rd/Wantirna Rd,-37.8419505,145.22724287
15174,Gordon Ct/Wantirna Rd,-37.8362015,145.22728959
15175,Muir Ct/Wantirna Rd,-37.8337324,145.22730324
15176,Gibson Ct/Wantirna Rd,-37.83125155,145.22713537
15177,Daisy St/Wantirna Rd,-37.82959307,145.22711825
15178,Reilly St/Wantirna Rd,-37.82690792,145.22714843
15179,Surrey St/Wantirna Rd,-37.82394453,145.22725343
15180,City Rd/Wantirna Rd,-37.82233126,145.22724658
15181,Arlington St/Wantirna Rd,-37.8192402,145.22725237
15184,Rowville Community Centre/Fulham Rd,-37.91897372,145.24028637
15185,Erie Ave/Bridgewater Way,-37.91517367,145.24471097
15186,Kelletts Rd/Taylors Lane,-37.91111995,145.24724153
1519,Hemmings St/Potter St,-37.98239463,145.20595857
1520,Birdwood Ave/Potter St,-37.98069636,145.20628457
1521,Princes Hwy/Potter St,-37.97880944,145.20664929
15217,East Malvern Station/Waverley Rd,-37.87819465,145.06792743
15219,Burwood Hwy/Stud Rd,-37.87011327,145.23444646
1522,Jones Rd/Princes Hwy,-37.97578837,145.20414987
15220,Knox City Shopping Centre/Stud Rd,-37.86749857,145.23616861
15221,Gateshead Dr/Stud Rd,-37.86471674,145.23756495
15222,Studfield Shopping Centre/Stud Rd,-37.85931569,145.24038755
15223,Moonah Rd/Stud Rd,-37.8568027,145.24168625
15224,Boronia Rd/Stud Rd,-37.85344999,145.24348217
15225,Roxburgh Rd/Boronia Rd,-37.85157334,145.24032159
15226,Thaxted Pde/Boronia Rd,-37.84977865,145.23481795
15227,Kelletts Rd/Taylors Lane,-37.9111633,145.24712676
15228,Ainsdale Ave/Boronia Rd,-37.84836183,145.23048752
15229,Garrisson Gr/Wantirna Rd,-37.84678162,145.22728629
1523,Edgewood Rd/Princes Hwy,-37.97392747,145.2020891
15230,Selkirk Ave/Wantirna Rd,-37.84279955,145.22737028
15231,Clarke Dr/Wantirna Rd,-37.83619472,145.22743748
15232,Muir Ct/Wantirna Rd,-37.83367156,145.22745242
15233,Canterbury Rd/Wantirna Rd,-37.83108209,145.22725305
15234,Daisy St/Wantirna Rd,-37.8286667,145.22724268
15235,Reilly St/Wantirna Rd,-37.82678402,145.2272991
15236,Surrey St/Wantirna Rd,-37.82408188,145.22739784
15237,City Rd/Wantirna Rd,-37.82170269,145.22739795
15238,Haig St/Wantirna Rd,-37.82033283,145.22739664
15239,Station St/Wantirna Rd,-37.81748467,145.22737389
1524,King George Pde/Princes Hwy,-37.97186209,145.19962359
1526,South Eastern Private Hospital/Princes Hwy,-37.96624978,145.19329499
1527,Terry St/Princes Hwy,-37.96376047,145.19081763
15275,Pia Dr/Trisha Dr,-37.93403129,145.24804014
15277,Liberty Ave/Shearer Dr,-37.93629618,145.23978231
15278,Buckingham Dr/Liberty Ave,-37.93301005,145.24120332
15279,Liberty Avenue Reserve/Liberty Ave,-37.93076312,145.24040353
1528,Chandler Rd/Princes Hwy,-37.9620002,145.18886887
15280,Sherbrook Ave/Whitehorse Rd,-37.81682755,145.21906251
15281,Liberty Ave/Clauscen Dr,-37.92818009,145.24606282
15282,McKay Rd/Taylors Lane,-37.92427237,145.24448327
15283,Taylors Lane/Bernard Hamilton Way,-37.92317008,145.24429333
15284,Turramurra Dr/Bridgewater Way,-37.92224848,145.24353026
15285,Simon Ave/Bridgewater Way,-37.92077089,145.24114226
15287,Heatherdale Station/Heatherdale Rd,-37.81859683,145.21330563
15288,Culwell Ave/Heatherdale Rd,-37.82277811,145.21328433
15289,Kulnine Ave/Heatherdale Rd,-37.82630158,145.21326752
1529,Ellendale Rd/Princes Hwy,-37.95779058,145.18412357
15290,Churinga Ave/Heatherdale Rd,-37.83004177,145.21327957
15291,Canterbury Rd/Heatherdale Rd,-37.83191662,145.21330252
15292,Andrew St/Canterbury Rd,-37.83331829,145.20828043
15294,Canterbury Rd/Blanche Dr,-37.83444895,145.20500327
15295,Frank St/Blanche Dr,-37.83659196,145.20665582
15296,Beddoe Rd/Centre Rd,-37.83819879,145.20742372
15297,Uralla St/Centre Rd,-37.83991983,145.20563202
15299,Lusk Dr/Boronia Rd,-37.83966738,145.20149036
1530,Callander Rd/Princes Hwy,-37.95490194,145.18089408
15300,Lucerne St/Morack Rd,-37.84141883,145.19992504
15301,Vermont Sec Col/Morack Rd,-37.84317083,145.19957561
15302,Nadia Pl/Morack Rd,-37.84642207,145.19884874
15303,Kara Walk/Morack Rd,-37.84738924,145.19785919
15304,Talarno Ave/Morack Rd,-37.84803761,145.19665007
15305,Murchison Ave/Morack Rd,-37.84969068,145.1963143
15306,Great Western Dr/George Rd,-37.85033928,145.19394586
15307,Bellbird Dell Reserve/George Rd,-37.85195535,145.1912014
15308,Hanover Reserve/Hanover Rd,-37.85142249,145.18644089
15309,Pelham Dr/Hanover Rd,-37.85370285,145.1841232
1531,Bowmore Rd/Princes Hwy,-37.95230642,145.17797626
15310,Vermont South SC/Hanover Rd,-37.85562508,145.18371231
15311,Burwood Hwy/Hartland Rd,-37.85737813,145.1828509
15312,Citrus St/Hartland Rd,-37.85864501,145.18260382
15313,Astley Ct/Highmont Dr,-37.86079326,145.18282386
15314,Ballina Tce/Highmont Dr,-37.86250951,145.18249752
15315,Highbury Rd/Camelot Dr,-37.86404459,145.18152768
15316,Vigil Ave/Camelot Dr,-37.86724356,145.18092611
15317,Garwain Pde/Camelot Dr,-37.86944486,145.18049682
15318,Winston St/Westlands Rd,-37.8707224,145.17919212
15319,Chatswood Cl/Westlands Rd,-37.87259143,145.17883915
1532,Ambrie Cres/Princes Hwy,-37.95089374,145.17637232
15320,Swan Ct/Westlands Rd,-37.87413668,145.17852824
1533,Corrigan Rd/Princes Hwy,-37.94842229,145.17332656
1534,Racecourse Dr/Princes Hwy,-37.94479112,145.16930834
1536,Birmingham St/Princes Hwy,-37.94193938,145.16615872
1537,Russell St/Princes Hwy,-37.93956451,145.16354366
1538,Gove St/Princes Hwy,-37.93771106,145.16142782
1539,Reilly St/Princes Hwy,-37.93622877,145.15999692
15399,Neville St/Coleman Rd,-37.86229296,145.24906958
1540,Springvale Rd/Princes Hwy,-37.93373274,145.15713497
15400,Berkley St/Coleman Rd,-37.86275943,145.2458984
15401,Suffolk St/Coleman Rd,-37.86250863,145.24418788
15402,Gateshead Dr/Coleman Rd,-37.86199247,145.24221086
15403,Stud Rd/Coleman Rd,-37.86119004,145.23977462
15405,Burwood Hwy/High Street Rd,-37.87377155,145.24767231
15406,Ravenhill Way/High Street Rd,-37.87552355,145.24368563
15407,Huntingdon Dr/High Street Rd,-37.87648653,145.24118421
15408,Wallace Rd/High Street Rd,-37.87705627,145.23710035
1541,Albert Ave/Princes Hwy,-37.93007562,145.15207223
15410,Latvian Ret Village/High Street Rd,-37.87707967,145.2320517
15411,Jenola Pde/High Street Rd,-37.87705737,145.22936902
15412,Mowbray Dr/High Street Rd,-37.87699969,145.22553886
15413,Fonteyn Dr/High Street Rd,-37.87695638,145.22207219
15414,Carramar Ave/Coleman Pde,-37.87890944,145.15918442
15415,Kinnoull Gr/Coleman Pde,-37.87807304,145.15583984
15416,Avendon Bvd/Coleman Pde,-37.8774432,145.15360438
15418,Blackburn Rd/Normanby Rd,-37.90657492,145.14077451
15419,Howleys Rd/Normanby Rd,-37.90627667,145.13787029
1542,Kalimna Ave/Princes Hwy,-37.92780181,145.1484543
15421,Blackburn Rd/Central Rd,-37.82128087,145.15361881
15422,Morton Park/Central Rd,-37.82291328,145.15599804
15423,Parkside St/Central Rd,-37.82367222,145.15900125
15424,Gwenda Ave/Central Rd,-37.82373137,145.16105616
15425,Cromwell Ct/Central Rd,-37.82392267,145.16465295
15426,Joyce St/Central Rd,-37.8247676,145.16856307
15427,Central Rd/Joyce St,-37.82505799,145.16927166
15429,Milton St/Joyce St,-37.82731295,145.16881827
1543,Garden Rd/Princes Hwy,-37.92571291,145.14513913
15430,Blackburn Lake PS/Milton St,-37.82736751,145.16653319
15431,Gerald St/Florence St,-37.82997962,145.16586634
15432,Ottawa Ave/Forest Rd,-37.8316197,145.16585981
15433,Forest Hill College/Hawthorn Rd,-37.84654611,145.16197833
15434,Robinlee Ave/Hawthorn Rd,-37.84602619,145.15869548
15435,Tainton Rd/Hawthorn Rd,-37.84585118,145.15730198
15436,Adrian Ave/Hawthorn Rd,-37.84565262,145.15555677
15437,Burwood East PS/Highbury Rd,-37.85983231,145.15178195
15438,Newhaven Rd/Highbury Rd,-37.86032442,145.15557756
15439,Lincoln St/Highbury Rd,-37.86073391,145.15928434
1544,McNaughton Rd/Princes Hwy,-37.9237421,145.14188943
15440,Gyton Ave/Highbury Rd,-37.86096265,145.16123377
15441,Burwood Terrace Ret Village/Highbury Rd,-37.8612599,145.16353389
15442,Pineda Ct/Canova Dr,-37.8628124,145.16426833
15443,Oranna Ct/Canova Dr,-37.86398184,145.16297752
15444,Willow Ave/Gyton Ave,-37.86519609,145.16109445
15445,Willow Ave SC/Willow Ave,-37.86538316,145.15749762
15446,Glendal PS/Medina Rd,-37.86751144,145.15586445
15447,Kwinana St/Medina Rd,-37.8713487,145.15459782
1545,Blackburn Rd/Princes Hwy,-37.92166149,145.13854029
15451,Viewpoint Ave/Waverley Rd,-37.88955698,145.17102979
15452,Gwingana Cres/Waverley Rd,-37.88994289,145.17440893
15453,Mimosa St/High Street Rd,-37.87600485,145.18219999
15454,Capital Ave/High Street Rd,-37.87654753,145.18641607
15455,1103 High Street Rd,-37.87669656,145.19670177
15456,Bushy Park Lane/High Street Rd,-37.87674357,145.20036159
15457,Dandenong Valley Parklands/High Street Rd,-37.87670436,145.20428501
15458,George St/High Street Rd,-37.8767679,145.20963849
15459,High Street Rd/Cathies Lane,-37.87590898,145.21538945
1546,Arnott St/Princes Hwy,-37.91868734,145.13397394
15460,Tandragee Cl/Cathies Lane,-37.87371646,145.21462379
15461,Sylvana St/Cathies Lane,-37.87100139,145.21446196
15462,Alexis Ct/Cathies Lane,-37.86793774,145.21449044
15463,Damian Pl/Cathies Lane,-37.86463883,145.21445638
15464,Burwood Hwy/Cathies Lane,-37.86306178,145.21446034
15466,Hawthorn Rd/Terrara Rd,-37.84817939,145.18886155
15467,Nurlendi Rd/Terrara Rd,-37.84558254,145.18935694
15468,Condev Ct/Terrara Rd,-37.84126057,145.19018994
15469,Vermont Reserve/Terrara Rd,-37.83824082,145.19072965
1547,Evelyn St/Princes Hwy,-37.91727263,145.13171182
15470,Alma St/Waverley Rd,-37.87878662,145.0782128
15471,The Rialto/Waverley Rd,-37.87952899,145.07511231
15472,Oravel Ave/Waverley Rd,-37.8799924,145.07204178
15473,Sycamore St/Waverley Rd,-37.87973367,145.07000198
15474,Waverley Rd/Malvern Rd,-37.87787023,145.0673788
15475,Melrose Ave/Malvern Rd,-37.87632754,145.06617988
15476,Coolgardie Ave/Malvern Rd,-37.87523127,145.06527629
15477,Malvern Rd/Winton Rd,-37.87379621,145.06514331
15478,Stanley Grose Dr/Winton Rd,-37.8728108,145.06714723
15479,Pitt St/Winton Rd,-37.87253376,145.06948504
1548,Browns Ct/Princes Hwy,-37.91554002,145.12872982
15480,Solway St/Winton Rd,-37.87272441,145.07121946
15481,St Georges Cres/Solway St,-37.870633,145.07172874
15482,Donald St/Albion Rd,-37.86991703,145.07038322
15483,Maxwell St/Albion Rd,-37.86815799,145.06917864
15484,Dunlop St/Albion Rd,-37.86653425,145.06798195
15485,Saxby Rd/Albion Rd,-37.86406174,145.06613681
15486,Estella St/Albion Rd,-37.8618904,145.06452263
15487,Brixton Rise/High St,-37.85993327,145.0605955
15488,Kerferd Rd/Muswell Hill,-37.85821934,145.06377755
15489,Glen Iris Rd/Kerferd Rd,-37.85827975,145.06635614
1549,North Rd/Princes Hwy,-37.91382106,145.12604336
15490,Southland St/Glen Iris Rd,-37.85620637,145.06686497
15491,Ferndale Rd/Glen Iris Rd,-37.85474199,145.06714191
15492,Valley Pde/Glen Iris Rd,-37.85239687,145.06756685
15493,Cusdin St/Glen Iris Rd,-37.85077972,145.06787048
1550,Clayton North Primary School/Princes Hwy,-37.91170362,145.1226733
1551,White St/Princes Hwy,-37.90991856,145.11980681
1552,Princes Hwy Reserve/Princes Hwy,-37.90798985,145.11697825
1553,Franklyn St/Princes Hwy,-37.90589073,145.11364237
1554,Fenton St/Princes Hwy,-37.90398489,145.11056331
1555,Shafton St/Princes Hwy,-37.90278169,145.10859238
1556,Henry St/Atherton Rd,-37.9007611,145.10399255
15560,Melrose Ave/Malvern Rd,-37.87667713,145.06661414
1557,John St/Atherton Rd,-37.90047772,145.10206642
1558,Oak Towers Aged Care/Atherton Rd,-37.89997777,145.09845131
1559,Clyde St/Atherton Rd,-37.89955016,145.0954144
1560,Oakleigh SC/Atherton Rd,-37.89871954,145.08976084
1562,Dandenong Rd/Warrigal Rd,-37.89448819,145.08780052
15640,Kerrie Rd/High Street Rd,-37.87539689,145.17726932
15641,Boronia Dr/High Street Rd,-37.8750803,145.17428703
15642,Compton St/High Street Rd,-37.87477671,145.17156594
15643,Springvale Rd/High Street Rd,-37.87432818,145.16706351
15644,Fern St/Huntingdale Rd,-37.89931805,145.10559903
15645,Glen Eira College/Booran Rd,-37.88464035,145.03702465
15646,Hend St/Huntingdale Rd,-37.88503772,145.1086144
15647,Dickson St/Huntingdale Rd,-37.88965493,145.10768889
15648,Cash Gr/Huntingdale Rd,-37.89117292,145.1073771
15649,Estelle St/Huntingdale Rd,-37.8934443,145.10684131
15650,Hammond St/Hampton St,-37.91686463,145.00637617
15651,Hampton St/Marriage Rd,-37.91855829,145.00687647
15652,Henty St/Marriage Rd,-37.91889677,145.00983638
15658,Cummins Rd/Nepean Hwy,-37.92385283,145.0253226
15659,Vincent St/Nepean Hwy,-37.92660052,145.02795679
15660,North Ave/Nepean Hwy,-37.9316665,145.03288447
15661,Worthing Rd/Nepean Hwy,-37.94159823,145.04049407
15662,Stayner Gr/Nepean Hwy,-37.94427329,145.04257376
15663,Alfred St/Nepean Hwy,-37.95207842,145.04805701
15664,Remington Dr/Nepean Hwy,-37.95344412,145.0488972
15665,Sir William Fry Reserve/Nepean Hwy,-37.9555624,145.05055973
15679,Worcester St/Huntingdale Rd,-37.90246411,145.10509754
15680,Huntingdale Rd/Burlington St,-37.90349752,145.10435451
15681,George St/Burlington St,-37.90315534,145.10157681
15682,Connell Rd/Burlington St,-37.90267726,145.09764256
15683,Westminster St/Burlington St,-37.90217388,145.09493732
15703,Gilda Ct/Trisha Dr,-37.93394919,145.24797381
15704,Fowler Rd/Shearer Dr,-37.93719333,145.24312905
15705,Liberty Ave/Shearer Dr,-37.93617907,145.2397851
15706,Buckingham Dr/Liberty Ave,-37.93322796,145.24131191
15707,Liberty Avenue Reserve/Liberty Ave,-37.93098392,145.24070547
15708,Saltbush Ct/Liberty Ave,-37.92853864,145.24351711
15709,Yvette Dr/Clauscen Dr,-37.92818399,145.24632441
15710,St Simons Catholic PS/Taylors Lane,-37.92566772,145.24438183
15711,Taylors Lane/Bernard Hamilton Way,-37.923106,145.24422659
15712,Turramurra Dr/Bridgewater Way,-37.92208496,145.24344314
15713,Simon Ave/Bridgewater Way,-37.92086267,145.24125384
15715,Market St/Bond St,-37.8140395,145.22361666
15716,Charter St/New St,-37.81566036,145.22054465
15717,New St/Whitehorse Rd,-37.8170762,145.2200108
15718,Culwell Ave/Heatherdale Rd,-37.82296954,145.21342741
15719,Panel St/Heatherdale Rd,-37.82699801,145.21343252
15720,Churinga Ave/Heatherdale Rd,-37.83026923,145.21342179
15721,Smithfield Walk/Canterbury Rd,-37.83272142,145.21229455
15722,Andrew St/Canterbury Rd,-37.83360449,145.20813715
15723,Canterbury Rd/Blanche Dr,-37.83464974,145.20516884
15724,Frank St/Blanche Dr,-37.83661188,145.20678033
15739,Churchill Ave/Huntingdale Rd,-37.88890725,145.10770803
15742,Hudson St/Kambrook Rd,-37.88007036,145.03480383
15747,Brice Gr/Kathryn Rd,-37.89442957,145.24904763
15748,Coringa Ct/Kathryn Rd,-37.89220371,145.24905488
15749,Pejaro Ct/Kathryn Rd,-37.89067102,145.24901159
15750,Kathryn Rd/Anne Rd,-37.88875066,145.24835205
15751,Harley St/Anne Rd,-37.88873736,145.24624866
15752,Graham Rd/Anne Rd,-37.88912331,145.24372642
15753,Otira Rd/Anne Rd,-37.89033597,145.24104801
15754,Scoresby Sec Col/Zerfas St,-37.89018705,145.23771968
15755,Zerfas St/Rosehill St,-37.89047751,145.23665519
15756,Olga St/Rosehill St,-37.8925322,145.23665166
15757,Rumann Ave/Rosehill St,-37.89428041,145.23664406
15759,Brentwood Dr/Watsons Rd,-37.9034559,145.16771724
15761,Hampstead Cres/Watsons Rd,-37.90230583,145.16793911
15773,Neville St/Coleman Rd,-37.86229605,145.24867165
15774,Bindi St/Coleman Rd,-37.86263314,145.24589003
15775,Suffolk St/Coleman Rd,-37.8624114,145.24431523
15776,Gateshead Dr/Coleman Rd,-37.86199858,145.24261993
15777,Stud Rd/Coleman Rd,-37.86107242,145.23974332
15779,Ravenhill Way/High Street Rd,-37.87546951,145.24308434
15780,Wallace Rd/High Street Rd,-37.87654739,145.24043238
15781,Wolf St/High Street Rd,-37.87683597,145.23683273
15782,Stud Rd/High Street Rd,-37.87679218,145.23391181
15783,Latvian Ret Village/High Street Rd,-37.87690458,145.23179439
15784,Jenola Pde/High Street Rd,-37.87684863,145.22927169
15785,Mowbray Dr/High Street Rd,-37.87676693,145.22504419
15787,Blind Creek Lane/High Street Rd,-37.87666297,145.21875936
15788,Carramar Ave/Coleman Pde,-37.87894885,145.15939946
15789,Kinnoull Gr/Coleman Pde,-37.87805171,145.1562042
15790,Avendon Bvd/Coleman Pde,-37.87740806,145.15366211
15792,Howleys Rd/Normanby Rd,-37.90619649,145.13792918
15794,Blackburn Rd/Central Rd,-37.821213,145.15331375
15795,Gordon Cres/Central Rd,-37.82313144,145.15611759
15796,Parkside St/Central Rd,-37.82375609,145.15860152
15797,Gwenda Ave/Central Rd,-37.82387345,145.16207515
15798,Cromwell Ct/Central Rd,-37.8240502,145.16474068
15799,Central Rd/Joyce St,-37.82498486,145.1692053
15801,Milton St/Joyce St,-37.82725766,145.1687401
15802,Blackburn Lake PS/Milton St,-37.82730746,145.16672783
15803,Lake Rd/Florence St,-37.82990649,145.16579998
15804,Ottawa Ave/Forest Rd,-37.83177991,145.16573086
15806,Burwood Heights PS/Hawthorn Rd,-37.84667304,145.16375945
15807,Parkview Ct/Hawthorn Rd,-37.84609077,145.15994399
15808,Catherine Ct/Hawthorn Rd,-37.84573514,145.15737306
15809,Blackburn Rd/Hawthorn Rd,-37.84548353,145.15511777
15810,Sevenoaks Rd/Highbury Rd,-37.86025765,145.15419247
15811,Belmont Rd/Highbury Rd,-37.86062582,145.15755926
15812,Gyton Ave/Highbury Rd,-37.86108717,145.16112837
15813,Burwood Terrace Ret Village/Highbury Rd,-37.86139116,145.16386028
15814,Corunna Ct/Canova Dr,-37.86270271,145.16416874
15815,Mavista Ave/Canova Dr,-37.86387672,145.16259364
15816,Cedar Ct/Gyton Ave,-37.86504135,145.16099598
15817,Belmont Rd/Willow Ave,-37.86527204,145.15730713
15818,Nottingham St/Medina Rd,-37.86810261,145.15563372
15819,Kwinana St/Medina Rd,-37.87148891,145.15434421
15820,Jordan Gr/Waverley Rd,-37.88923771,145.16672795
15821,Joyce Ave/Waverley Rd,-37.88945044,145.16881501
15822,Viewpoint Ave/Waverley Rd,-37.88970323,145.17116263
15823,Gwingana Cres/Waverley Rd,-37.89008985,145.17458725
15824,Mimosa St/High Street Rd,-37.87617584,145.18218442
15825,Kristen Cl/High Street Rd,-37.87674826,145.18716153
15827,Nortons Lane/High Street Rd,-37.87694071,145.20028858
15828,Dandenong Valley Parklands/High Street Rd,-37.8769566,145.20427888
15830,Cathies Lane/High Street Rd,-37.87693938,145.21380695
15831,High Street Rd/Cathies Lane,-37.87607234,145.21546509
15832,Tandragee Cl/Cathies Lane,-37.87364698,145.214796
15833,Sylvana St/Cathies Lane,-37.87069751,145.21462845
15860,Wandinong Sanctuary/Canterbury Rd,-37.83224759,145.15241371
15861,Lavelle St/Blackburn Rd,-37.83364867,145.15670798
15863,Cornwall St/Blackburn Rd,-37.83612067,145.15630555
15864,Faulkner St/Blackburn Rd,-37.83848474,145.15591715
15865,Vicki St/Blackburn Rd,-37.84144158,145.15540031
15867,Hawthorn Rd/Blackburn Rd,-37.84477553,145.15479448
15868,Eley Rd/Blackburn Rd,-37.84786644,145.15305815
15870,Bellevue Ave/Blackburn Rd ,-37.8518645,145.15227645
15871,Ray Rd/Blackburn Rd,-37.8548833,145.1516896
15872,Alice St/Blackburn Rd,-37.85719311,145.15129092
15873,Highbury Park/Blackburn Rd,-37.858748,145.15102474
15874,Cypress Ave/Blackburn Rd,-37.86228839,145.1503679
15876,Cherry St/Blackburn Rd,-37.8659003,145.14967511
15877,Utah Rd/Blackburn Rd,-37.86859567,145.14915296
15878,Tambo Ct/Blackburn Rd,-37.87014983,145.14884122
15879,High Street Rd/Blackburn Rd,-37.87151571,145.14859103
15881,Syndal Station/Blackburn Rd,-37.87578503,145.14787021
15882,Monash Medical Centre/Clayton Rd,-37.92088238,145.12071074
15883,Savige Ave/Blackburn Rd,-37.88068081,145.14687208
15884,Waverley Private Hospital/Blackburn Rd,-37.88497589,145.14607081
15900,Holland Rd/Canterbury Rd,-37.83236604,145.15192217
15901,Blackburn Rd/Canterbury Rd,-37.83276411,145.15546874
15902,Alan St/Blackburn Rd,-37.83499301,145.15623136
15904,Boyd St/Blackburn Rd,-37.83693439,145.15589894
15905,Brazeel St/Blackburn Rd,-37.83889396,145.15557742
15906,Bond Ave/Blackburn Rd,-37.84084417,145.15523337
15907,Finch Pl/Blackburn Rd,-37.84347742,145.15477001
15908,Hawthorn Rd/Blackburn Rd,-37.8450309,145.15441308
15909,Eley Rd/Blackburn Rd,-37.84770055,145.15282362
15911,Bellevue Ave/Blackburn Rd ,-37.85159086,145.15206733
15912,Burwood Hwy/Blackburn Rd,-37.8537733,145.1515923
15913,Witchwood Cres/Blackburn Rd,-37.85609248,145.15121612
15914,Highbury Park/Blackburn Rd,-37.85918459,145.15070693
15915,Tally Ho Shops/Blackburn Rd,-37.86208842,145.15025923
15917,Bizley St/Blackburn Rd,-37.86543079,145.14961864
15918,Utah Rd/Blackburn Rd,-37.86819787,145.14907197
15920,Doon Ave/Blackburn Rd,-37.87107322,145.1485339
15921,High Street Rd/Blackburn Rd,-37.87263657,145.14823328
15922,Syndal Station/Blackburn Rd,-37.87622125,145.14752957
15923,Savige Ave/Blackburn Rd,-37.8802922,145.14680223
15924,Waverley Private Hospital/Blackburn Rd,-37.88448764,145.14596935
15926,Waverley Rd/Blackburn Rd,-37.88842363,145.14525658
15927,Pinewood SC/Blackburn Rd,-37.89111806,145.14467724
15928,Alexis Ct/Cathies Lane,-37.86793964,145.21461544
15929,Miriam Cl/Cathies Lane,-37.86583992,145.21462065
15930,Burwood Hwy/Cathies Lane,-37.86276725,145.21464933
15931,Vermont South SC/Hanover Rd,-37.85589674,145.18379657
15932,Felgate Pde/Hanover Rd,-37.85133337,145.18709091
15933,Hawthorn Rd/Terrara Rd,-37.84838781,145.18893601
15934,Nurlendi Rd/Terrara Rd,-37.8465281,145.18931108
15935,Condev Ct/Terrara Rd,-37.84093853,145.19034554
15936,Vermont Reserve/Terrara Rd,-37.838324,145.19086398
15937,Coolgardie Ave/Malvern Rd,-37.87522507,145.06544699
15938,Malvern Rd/Winton Rd,-37.87400115,145.06500152
15939,Stanley Grose Dr/Winton Rd,-37.87296524,145.06722278
15940,Pitt St/Winton Rd,-37.87265067,145.06947062
15941,Winton Rd/Solway St,-37.87268402,145.07150473
15942,St Georges Cres/Solway St,-37.87070636,145.07180641
15943,Chamberlain St/Albion Rd,-37.86951863,145.07026857
15944,Park Rd/Jack Rd,-37.96347921,145.0421549
15945,Victoria Golf Club/Park Rd,-37.96409295,145.04546235
15946,Cheltenham Golf Club/Park Rd,-37.9643659,145.04778857
15947,Cheltenham Park/Park Rd,-37.96464422,145.0498984
15948,Cheltenham Station/Park Rd,-37.9649721,145.05282649
15949,Nepean Hwy/Rowans Rd,-37.94885222,145.04697023
15950,Mason Ct/Rowans Rd,-37.94921317,145.04971472
15951,Centre Ct/Rowans Rd,-37.94826145,145.05101448
15952,Wickham Rd/Rowans Rd,-37.9458095,145.05151171
15953,Isabella St/Rowans Rd,-37.9431862,145.05200204
15954,G R Bricker Reserve/Rowans Rd,-37.93976635,145.05391298
15955,Barbara St/Rowans Rd,-37.93692541,145.0559564
15956,South Rd/East Boundary Rd,-37.93499924,145.05609818
15957,Abbin Ave/East Boundary Rd,-37.93215147,145.05663968
15959,Purtell St/East Boundary Rd,-37.92669012,145.0577164
15960,Moray St/East Boundary Rd,-37.92414879,145.05826108
15961,East Boundary Rd/Centre Rd,-37.92119253,145.05987461
15962,Quinns Rd/Gardeners Rd,-37.91971332,145.06198389
15963,Bailey Reserve/Stockdale Ave,-37.91649523,145.0630239
15964,Stockdale Ave/Marlborough St,-37.91725261,145.06688307
15965,Castlewood St/Marlborough St,-37.91551012,145.06723582
15966,Latham St/Marlborough St,-37.91379447,145.06757648
15967,Marlborough Street Reserve/Marlborough St,-37.91156668,145.06801013
15968,Blenheim St/Marlborough St,-37.90934938,145.06853448
15969,North Rd/Marlborough St,-37.90772473,145.06892956
15970,Duncan MacKinnon Reserve/Crosbie Rd,-37.90592267,145.06565554
15971,Wallace Ave/Crosbie Rd,-37.90387118,145.0647539
15972,St Patricks PS/Murrumbeena Rd,-37.90210342,145.06411782
15973,Woornack Rd/Murrumbeena Rd,-37.89904934,145.06472099
15974,Hethersett Gr/Murrumbeena Rd,-37.89582372,145.06530585
15975,McLaurin Rd/Murrumbeena Rd,-37.89424244,145.06559743
15976,McLaurin Rd/Murrumbeena Rd,-37.89296706,145.06585825
15977,Blackwood St/Murrumbeena Rd,-37.88706417,145.06694513
15979,Hampton PS/Ludstone St,-37.93297406,145.00351754
15980,Favril St/Ludstone St,-37.93331072,145.00636428
15981,Passchendaele St/Ludstone St,-37.93355238,145.0083944
15982,Lagnicourt St/Ludstone St,-37.93389408,145.01101349
15983,Prince St/Ludstone St,-37.934345,145.01476746
15984,Earlsfield Rd/Ludstone St,-37.93460817,145.01701324
15985,Chislehurst Rd/Ludstone St,-37.93506331,145.02049411
15986,Bluff Rd/Ludstone St,-37.93543232,145.02368149
15987,Fewster Rd/Bluff Rd,-37.93838049,145.02376182
15988,Thomas St/Bluff Rd,-37.94107551,145.02325722
15989,Bluff Rd/Wickham Rd,-37.94280093,145.02350684
15990,Saltair St/Wickham Rd,-37.9431241,145.02611545
15991,Leith Cres/Wickham Rd,-37.94342882,145.02870182
15992,Spring Rd/Wickham Rd,-37.94382996,145.03220737
15993,Maroona Rd/Wickham Rd,-37.94413302,145.0347028
15994,Worthing Rd/Wickham Rd,-37.94459278,145.03849136
15995,Dart St/Worthing Rd,-37.94564886,145.03913468
15996,Livingston St/Worthing Rd,-37.94750757,145.03873248
15997,Patty St/Swanston St,-37.97807121,145.06624465
15998,Collins St/Swanston St,-37.98047931,145.06581711
15999,Nepean Hwy/Parkers Rd,-37.99120744,145.08037253
16,Earlwood St/Howard Rd,-37.97907177,145.12185732
16000,Beacon St/Imes St,-37.99014033,145.08290544
16001,Ellen St/Chandler St,-37.99055642,145.08465957
16002,Wild St/Victoria St,-37.99152889,145.08737854
16003,Warren Rd/Morris St,-37.99374217,145.09214929
16004,Elliot St/Warren Rd,-37.99627468,145.09216338
16006,Wingate St/East Boundary Rd,-37.93447567,145.05658985
16007,South Rd/Rowans Rd,-37.93629956,145.05625735
16008,G R Bricker Reserve/Rowans Rd,-37.93991048,145.05390918
16010,Wickham Rd/Rowans Rd,-37.94568641,145.05169704
16011,South Ct/Rowans Rd,-37.94828211,145.05117326
16012,Mason Ct/Rowans Rd,-37.94933084,145.04974575
16013,Nepean Hwy/Rowans Rd,-37.94898097,145.04712614
16014,Charman Rd/Park Rd,-37.9653802,145.05516059
16015,Cheltenham Station/Park Rd,-37.96513857,145.0530839
16016,Cheltenham Golf Club/Park Rd,-37.96454303,145.04760175
16017,Victoria Golf Club/Park Rd,-37.96423299,145.04575458
16018,Park Rd/Jack Rd,-37.96325118,145.04199022
16019,Stuart Ave/Jack Rd,-37.9606927,145.04258176
16020,Luxmoore St/Jack Rd,-37.95894957,145.04288983
16021,Bay Rd/Jack Rd,-37.95660537,145.04336179
16022,Hamlet St/Bay Rd,-37.95619107,145.0412103
16023,Reserve Rd/Bay Rd,-37.95588339,145.03843003
16024,Cloyne St/Bay Rd,-37.95552263,145.03517318
16025,Avoca St/Bay Rd,-37.95520656,145.03243871
16026,Aberdeen Rd/Bay Rd,-37.95484887,145.02937532
16027,Bay Road Reserve/Bay Rd,-37.95444801,145.02589201
16028,Lansell Ave/Bay Rd,-37.95408805,145.02270356
16029,Bluff Rd/Bay Rd,-37.95379335,145.02018487
16030,McLauchlin Ave/Bay Rd,-37.95347943,145.01759842
16031,John Batman Gardens/Bay Rd,-37.95323945,145.01565873
16033,Gladstone St/Bay Rd,-37.95287156,145.01255026
16034,Sacred Heart PS/Bay Rd,-37.95242112,145.00882949
16040,Eighth Ave/Fourth Ave,-38.04050466,145.13317614
16041,Georgiana Cl/Amaroo Dr,-38.03908221,145.13212979
16042,Tikanti Ct/Amaroo Dr,-38.03647427,145.1307718
16043,Bradina Ct/Amaroo Dr,-38.03549836,145.13343999
16044,Springvale Rd/Wells Rd,-38.02882468,145.13142197
16045,Gilchrist Way/Wells Rd,-38.02577481,145.12834377
16046,Llewellyn Ave/Wells Rd,-38.02428775,145.12663861
16047,Nurten Pde/Wells Rd,-38.02174494,145.12371873
16050,Bianca Dr/Wells Rd,-38.01817711,145.11419557
16051,Langslow Rd/Wells Rd,-38.01735622,145.11077652
16053,Barkly St/Collocott St,-38.00100857,145.08789529
16054,Warren Rd/Collocott St,-38.00056765,145.09070829
16055,White St/Warren Rd,-37.99867074,145.09154327
16056,Elliot St/Warren Rd,-37.99619121,145.0920175
16057,Warren Rd/Morris St,-37.99381257,145.09204498
16058,Davey St/Morris St,-37.99342659,145.0888096
16059,Victory Lane/Victoria St,-37.99166499,145.08798991
16060,Gerry Green Reserve/Chandler St,-37.99025842,145.08462177
16061,Beacon St/Imes St,-37.99043787,145.08236251
16067,Lynne Ave/Burwood Hwy,-37.87088287,145.24070357
16068,Springvale Rd/Burwood Hwy,-37.85491579,145.16818093
16070,Brentwood Sec Col/Watsons Rd,-37.89877401,145.16857258
16071,Capella Ct/Watsons Rd,-37.89614179,145.16910409
16072,Clitus St/Watsons Rd,-37.89436254,145.16943248
16073,Mannering Dr/Watsons Rd,-37.89231374,145.16981301
16074,Waverley Rd/Watsons Rd,-37.89007646,145.17024367
1609,Camira St/Warrigal Rd,-37.89124516,145.08843027
1610,Middle Rd/Warrigal Rd,-37.88757065,145.08912796
1612,Dandenong Station/Foster St,-37.98955127,145.20899535
1614,Malford Way/Police Rd,-37.93650368,145.18406726
1615,Springvale Crematorium/Police Rd,-37.93620027,145.18134386
16156,Highview Rd/Brady Rd,-37.92978989,145.06645232
16157,Centre Rd/Blanche Dr,-37.83763522,145.20769872
16158,Beddoe Rd/Centre Rd,-37.83873118,145.20687674
16159,Uralla St/Centre Rd,-37.840056,145.20569691
1616,Huxley Ave/Police Rd,-37.93587328,145.17884864
16161,Morack Rd/Boronia Rd,-37.83969127,145.20069432
16162,Lucerne St/Morack Rd,-37.84132165,145.20005241
16164,Nadia Pl/Morack Rd,-37.84672109,145.19895512
16165,Kara Walk/Morack Rd,-37.84750217,145.19758368
16166,Wynne Ct/Morack Rd,-37.84830008,145.19672323
16167,Murchison Ave/Morack Rd,-37.84978268,145.19643708
16168,Great Western Dr/George Rd,-37.85043058,145.19402319
16169,Bellbird Dell Reserve/George Rd,-37.85174735,145.19174067
1617,Bertrand Ave/Grovelands Dr,-37.93424609,145.18201783
16171,Hanover Reserve/Hanover Rd,-37.85184711,145.18533939
16172,Pelham Dr/Hanover Rd,-37.85372297,145.18425909
16173,Baird St/Albion Rd,-37.86814184,145.06929274
16174,Dent St/Albion Rd,-37.86606117,145.06771011
16175,Francis Cres/Albion Rd,-37.86509439,145.06700785
16176,Saxby Rd/Albion Rd,-37.8641002,145.06628358
16177,Mons St/Albion Rd,-37.86328822,145.06567961
16178,Estella St/Albion Rd,-37.86199303,145.06473592
16179,Muswell Hill/Kerferd Rd,-37.85814312,145.06407507
1618,Hansworth St/Grovelands Dr,-37.93180272,145.18369369
16180,Florence St/Kerferd Rd,-37.85830197,145.06551445
16181,Southland St/Glen Iris Rd,-37.85605566,145.06701666
16182,Ferndale Rd/Glen Iris Rd,-37.85449275,145.06733027
16183,Valley Pde/Glen Iris Rd,-37.85255113,145.06763102
1619,Fulwood Pl/Hansworth St,-37.93093608,145.18242933
16192,Knox Ret Village/Burwood Hwy,-37.87169701,145.24332175
16196,Waverley Rd/Blackburn Rd,-37.88754726,145.14568793
16197,Marcella Ct/Blackburn Rd,-37.88957777,145.14529584
16198,Pinewood SC/Blackburn Rd,-37.89158036,145.14484758
16199,Avonhurst Dr/Blackburn Rd,-37.89655842,145.14392654
1620,Huxley Ave/Hansworth St,-37.93066412,145.17882928
16200,Lionel Rd/Blackburn Rd,-37.89938922,145.14342325
16201,Ferntree Gully Rd/Blackburn Rd,-37.90210274,145.14291151
16202,Samada St/Blackburn Rd,-37.90349579,145.14267176
16203,Normanby Rd/Blackburn Rd,-37.90612894,145.14220747
16205,Duerdin St/Blackburn Rd,-37.90912945,145.14160878
16206,Monash Biomedical Imaging/Blackburn Rd,-37.91178007,145.14110984
16209,Luntar Rd/Centre Rd,-37.92433845,145.08467255
1621,Kambara Dr/Hansworth St,-37.93110388,145.17522304
16210,Warrigal Rd/Centre Rd,-37.92392384,145.08134998
16211,Bradford St/Centre Rd,-37.92355306,145.07795805
16212,Veronica St/Centre Rd,-37.92339359,145.07647188
16213,Mackie Rd/Centre Rd,-37.92291501,145.0725595
16214,Dover St/Centre Rd,-37.92260339,145.07004209
16215,Chester St/Centre Rd,-37.92221969,145.06698053
1622,Albany Dr/Hansworth St,-37.93088293,145.1731805
1624,Police Rd/Albany Dr,-37.93449918,145.17160042
1625,Wellington Sec College/Police Rd,-37.93462737,145.1694126
1626,Caesar St/Police Rd,-37.93434237,145.16731469
1627,Nullawil St/Police Rd,-37.93396517,145.16335305
1628,VMCH John R Hannah Residental Aged Care/Police Rd,-37.93334258,145.15869213
1630,Hope St/Springvale Rd,-37.93707681,145.15487811
1631,Stephenson St/Springvale Rd,-37.94148017,145.15408522
16317,Amboina Ave/Garden Ave,-37.82208193,145.19834994
16318,Sunshine Ave/Creek Rd,-37.82356134,145.19667794
16319,Norman St/Simpson St,-37.82399177,145.1983035
1632,Watt St/Springvale Rd,-37.94393319,145.15362555
16320,Simpson Park/Ferris Ave,-37.82557839,145.19951469
16321,Ferris Ave/Glenburnie Rd,-37.82602316,145.20090137
16322,Orient Ave/Glenburnie Rd,-37.82728281,145.20076852
16323,Langford Ave/Glenburnie Rd,-37.82895774,145.20068239
16324,Scott St/Langford Ave,-37.82919841,145.2022786
16326,Rangeview PS/Churinga Ave,-37.82969078,145.20560715
16327,Purches St/Churinga Ave,-37.82968796,145.20778877
16328,Toomey St/Purches St,-37.83079426,145.20883007
16329,Canterbury Rd/Purches St,-37.83256049,145.20882145
1634,Springvale Station/Springvale Rd,-37.94869525,145.15272109
16345,Springvale Community Centre/Osborne Ave,-37.94680641,145.14779525
16348,Springvale RSL/Osborne Ave,-37.94649206,145.14500363
1635,Union Gr/Springvale Rd,-37.95338703,145.15193207
16358,Awun Ct/Osborne Ave,-37.94616143,145.14232625
16359,Brear St/Westall Rd,-37.9441334,145.14002171
16362,Westall PS/Fairbank Rd,-37.94284292,145.13706142
16369,Fairbank Rd,-37.94073361,145.12003448
16372,Centre Rd/Second St,-37.93081926,145.13409958
16374,81 Fairbank Rd,-37.94216394,145.13175299
16377,Centre Rd/Scotsburn Ave,-37.92690027,145.10765594
16378,Morrison St/Scotsburn Ave,-37.9251126,145.10800895
16379,Caroline St/Scotsburn Ave,-37.92291165,145.10844078
16380,View St/Scotsburn Ave,-37.9207289,145.10888349
16382,Jason St/Valley St,-37.91769684,145.10694767
16383,Valley St/Coora Rd,-37.91697264,145.10506653
16384,Natalia Ave/Coora Rd,-37.91579789,145.10542656
16385,Stradbroke St/Haughton Rd,-37.91326925,145.10453594
16391,Main Rd/Fairbank Rd,-37.9416228,145.12719219
16392,Prestige Dr/Fairbank Rd,-37.94120846,145.12381168
16394,Clayton Rd/Fairbank Rd,-37.94038212,145.11777899
16397,Heather Rd/Aileen Ave,-37.89369096,145.01570095
16398,Hawthorn Rd/Aileen Ave,-37.89447091,145.02027425
16399,Nelson St/Dover St,-37.89520903,145.02290416
16400,Princes Park/Dover St,-37.89550828,145.0246247
16401,Bambra Rd/Dover St,-37.89580879,145.02695933
16402,Bambra Rd/Marara Rd,-37.89609579,145.02795241
16403,Curraweena Rd/Marara Rd,-37.89630641,145.02976635
16404,Caulfield South PS/Marara Rd,-37.89647356,145.03113793
16405,Eumeralla Rd/Narrawong Rd,-37.89784825,145.0314311
16406,Kingston Rd/Boundary Rd,-37.95878053,145.1130525
16407,Feodore St/Booran Rd,-37.90046659,145.03550105
16408,Uniting Church/Booran Rd,-37.90299975,145.03501288
16409,Junction Rd/Boundary Rd,-37.96274352,145.11123229
16410,Lillimur Rd/Leila Rd,-37.90017341,145.04224155
16411,Grange Rd/Leila Rd,-37.90043339,145.04432727
16412,Plunkett Ave/Leila Rd,-37.90071626,145.04670809
16413,Melton Ave/Leila Rd,-37.90106665,145.0493601
16414,Newman Ave/Leila Rd,-37.90135261,145.05193423
16415,Koornang Rd/Leila Rd,-37.90161355,145.05408823
16416,Old Dandenong Rd/Boundary Rd,-37.96488104,145.11077912
16417,Centre Dandenong Rd/Boundary Rd,-37.97164597,145.11172133
16418,Boundary Rd/Garden Bvd,-37.97561462,145.11193839
16419,Silver Birch Ave/Garden Bvd,-37.97845271,145.1135848
1642,Kilberry Ave/Springvale Rd,-37.96890981,145.14877667
16420,Warina Rd/Coorigil Rd,-37.89548149,145.05929895
16421,Carool Rd/Coorigil Rd,-37.89580832,145.0621789
16422,Murrumbeena Rd/Coorigil Rd,-37.89615085,145.064922
16423,Koornang Rd/Coorigil Rd,-37.895127,145.05638564
16424,Murrumbeena Rd/Kangaroo Rd,-37.89710565,145.06544287
16425,Ardyne St/Kangaroo Rd,-37.8972911,145.06740544
16426,Gerald St/Kangaroo Rd,-37.89762326,145.0695234
16427,Murrumbeena Park/Kangaroo Rd,-37.8979973,145.0725501
16428,Poath Rd/Kangaroo Rd,-37.89836244,145.07558843
16429,Preston Rd/Kangaroo Rd,-37.89952875,145.0791291
1643,Athol Road Primary School/Athol Rd,-37.9712207,145.14959519
16430,Dalston Rd/Kangaroo Rd,-37.90034424,145.08160994
16431,Centre Rd/Koornang Rd,-37.89194985,145.0566284
16432,The Crossover/Koornang Rd,-37.89349489,145.05632622
16433,Moonya Rd/Koornang Rd,-37.89586639,145.05586581
16434,Woornack Rd/Koornang Rd,-37.89742099,145.05559746
16435,Oakleigh Rd/Koornang Rd,-37.89897484,145.05528362
16436,Leila St/Koornang Rd,-37.90104101,145.05488805
16437,Libna Gr/Koornang Rd,-37.90310699,145.05448108
16438,North Rd/Koornang Rd,-37.90515551,145.05410866
16439,McKinnon PS/Tucker Rd,-37.90816672,145.05309666
1644,Parker St/Athol Rd,-37.97175673,145.1538849
16440,Blackshaw St/Tucker Rd,-37.90997221,145.05274195
16441,Preston St/Tucker Rd,-37.91141008,145.0524993
16442,McKinnon Reserve/McKinnon Rd,-37.91276157,145.05139443
16443,McKinnon Sec Col/McKinnon Rd,-37.91231467,145.04781181
16444,Malcolm St/McKinnon Rd,-37.912023,145.04544222
16445,Jasper Rd/McKinnon St,-37.91164208,145.0425859
16446,Wattle Gr/McKinnon Rd,-37.91079705,145.03568126
16447,Jean St/McKinnon Rd,-37.91045288,145.03288094
16448,Wright St/McKinnon Rd,-37.91027407,145.03135016
16449,Whitmuir Rd/McKinnon Rd,-37.91011669,145.03002356
1645,Mackay St/Athol Rd,-37.97218951,145.15734621
16450,Capitol Ave/McKinnon Rd,-37.90989224,145.02845989
16451,Thomas St/McKinnon Rd,-37.90948774,145.02529728
16452,Caramar Ave/Union St,-37.91007974,145.02244925
16456,Elm Tree Dr/Garden Bvd,-37.98104922,145.11365493
16457,Redwood Dr/Garden Bvd,-37.98335618,145.11365278
1646,Noble St/Athol Rd,-37.97258367,145.16064916
16468,Boundary Rd/Redwood Dr,-37.98379876,145.11090885
1647,Jeffery Ave/Athol Rd,-37.97302651,145.16418999
16479,Tarnard Dr/Boundary Rd,-37.98835629,145.1079567
1648,Corrigan Rd/Athol Rd,-37.97324339,145.16596054
16484,Bond St/Boundary Rd,-37.99182497,145.1067858
1649,Simon Ave/Corrigan Rd,-37.9757078,145.16622936
1650,Aleja Ct/Corrigan Rd,-37.97773889,145.16587141
16502,Tyers Cres/Eildon Pde,-37.91869178,145.24978067
16503,Taylors Lane/Eildon Pde,-37.91818085,145.2463345
16504,Taylors Lane/Turramurra Dr,-37.91958609,145.24508388
16505,Stud Rd/Wellington Rd,-37.92790855,145.23093732
16506,Viewtech Pl/Wellington Rd,-37.92725527,145.22585595
16507,Jaydee Ct/Wellington Rd,-37.92647491,145.21953762
16508,Eastlink/Wellington Rd,-37.92541605,145.21151963
16509,Mills Rd/Boundary Rd,-37.99417,145.10634972
16510,Walker St/Boundary Rd,-37.99698198,145.10581049
16511,White St/Boundary Rd,-37.99976693,145.10527192
1652,Wahroonga Ave/Kingsclere Ave,-37.98381106,145.16922709
16523,Springvale RSL/Osborne Ave,-37.94658502,145.14518337
16540,Centre Rd/First St,-37.93098863,145.13511929
16541,Aonach St/Centre Rd,-37.93032792,145.13266704
16542,Moriah St/Centre Rd,-37.92988744,145.12933319
16546,Coonil St/Scotsburn Ave,-37.92652047,145.10757466
16547,Kaybrook Ct/Scotsburn Ave,-37.92311573,145.10824215
16548,View St/Scotsburn Ave,-37.92076201,145.10870063
16549,Legon Rd/Coombs Ave,-37.91987122,145.10766548
16550,Jason St/Valley St,-37.9177759,145.10682051
16551,Valley St/Coora Rd,-37.9171278,145.10518768
16552,Natalia Ave/Coora Rd,-37.91574183,145.10530287
16553,Stradbroke St/Haughton Rd,-37.91318045,145.10461784
16560,Fairbank Rd/Westall Rd,-37.94463084,145.13956535
16561,Beswick St/Fairbank Rd,-37.94296993,145.13825307
16562,Westall PS/Fairbank Rd,-37.94262327,145.13457485
16563,80 Fairbank Rd,-37.94187234,145.12984863
16564,Main Rd/Fairbank Rd,-37.94166241,145.1268498
16565,Prestige Dr/Fairbank Rd,-37.94130464,145.12362716
16566,Clayton Rd/Fairbank Rd,-37.94082296,145.11998669
16568,718 Clayton Rd,-37.95574785,145.1138813
16569,Heatherton Rd/Boundary Rd,-37.95802142,145.11348168
1657,Cabinda Dr/Cheltenham Rd,-37.99518868,145.17939815
16570,Junction Rd/Boundary Rd,-37.96299094,145.11148775
16571,Old Dandenong Rd/Boundary Rd,-37.96534539,145.11107456
16572,Centre Dandenong Rd/Boundary Rd,-37.97113063,145.1121785
16573,Plane Tree Ave/Boundary Rd,-37.9734404,145.11178918
16574,Plane Tree Ave/Garden Bvd,-37.97544475,145.11202243
16575,Silver Birch Ave/Garden Bvd,-37.97773353,145.11369429
16576,The Salvation Army/Garden Bvd,-37.9809161,145.11378358
16577,Redwood Dr/Garden Bvd,-37.98306257,145.11388802
16579,Burwood Hwy/Hartland Rd,-37.8573624,145.18299905
1658,Cheltenham Rd/Chandler Rd,-37.99393181,145.18203697
16580,Weeden Dr/Hartland Rd,-37.85980624,145.18251846
16581,Astley Ct/Highmont Dr,-37.86093915,145.18293395
16582,Kalara Pl/Highmont Dr,-37.86275414,145.18258245
16583,Highbury Rd/Camelot Dr,-37.86401915,145.18163061
16584,Jousting Pl/Camelot Dr,-37.86708351,145.18106646
16585,Legend Ave/Camelot Dr,-37.86940157,145.18061157
16586,Winston St/Westlands Rd,-37.87098471,145.17925387
16587,Chatswood Cl/Westlands Rd,-37.872575,145.17894187
16588,Jeanbart Ct/Jenola Pde,-37.87526108,145.22021428
16589,Kerrie Rd/High Street Rd,-37.87542641,145.17684793
1659,Parkmore Rd/Chandler Rd,-37.99084969,145.18261409
16590,Boronia Dr/High Street Rd,-37.87514636,145.17447868
16591,Compton St/High Street Rd,-37.87485232,145.17121162
16592,Glen Waverley PS/High Street Rd,-37.87465748,145.16911316
16593,The Glen SC/High Street Rd,-37.87428659,145.16497264
16594,Oakleigh St/Huntingdale Rd,-37.89939322,145.10579044
16595,Huntingdale Rd/Burlington St,-37.90358668,145.10429535
16596,John St/Burlington St,-37.90322484,145.1014158
16597,Connell Rd/Burlington St,-37.90272689,145.09736832
16598,Westminster St/Burlington St,-37.90222646,145.09484498
1660,Festival Cres/Chandler Rd,-37.98901708,145.18298953
16602,Caitlyn Ct/Jenola Pde,-37.87453423,145.22340377
16604,White St/Warren Rd,-37.99864648,145.09171472
1661,Thurbro Dr/Chandler Rd,-37.98692358,145.18339416
16618,Warren Rd/Collocott St,-38.00067667,145.09076241
16619,Barkly St/Collocott St,-38.0011514,145.08781186
1662,Orloff St/Chandler Rd,-37.98390468,145.18398098
16621,Old Orchard Dr/Timmothy Dr,-37.87127819,145.22501676
16622,Glenys Ct/Old Orchard Dr,-37.87106728,145.2283642
16623,Parkhill Ct/Old Orchard Dr,-37.8692772,145.22978265
16624,Old Orchard Reserve/Old Orchard Dr,-37.86789253,145.22939516
16625,Hewson Ct/Old Orchard Dr,-37.86750657,145.22650554
1663,Popes Rd/Chandler Rd,-37.9822782,145.18428295
1664,Alliance St/Chandler Rd,-37.98000488,145.1847147
1665,Goodman Dr/Chandler Rd,-37.97803643,145.18504782
1666,Lynette Ct/Chandler Rd,-37.97574526,145.18549134
16661,Whitehorse Rd/Rooks Rd,-37.81820794,145.18551593
16671,Maurice Ct/Rooks Rd,-37.82327343,145.1855623
16672,Eastbridge Ct/Rooks Rd,-37.82512991,145.18556228
16673,Charles Rooks Reserve/Rooks Rd,-37.82712379,145.18570659
16674,Lower Ct/Rooks Rd,-37.82914208,145.18685018
16675,Beech St/Rooks Rd,-37.83065142,145.18713138
16676,Stairway College/Rooks Rd,-37.83348196,145.18776659
16677,Frances Ave/Boronia Rd,-37.8369791,145.19660123
16678,Philip St/Boronia Rd,-37.83812571,145.19791421
16679,Renwick St/Glen Iris Rd,-37.85109612,145.06793041
1668,Liege Ave/Railway Pde,-37.97615553,145.18930653
16680,Penllyne Ave/Boronia Rd,-37.84204433,145.20488732
16681,Scope Knox Lifestyle Options/Boronia Rd,-37.84683966,145.22217069
16682,Boronia Rd/Wantirna Rd,-37.84825108,145.22731929
16683,Knox Private Hospital/Mountain Hwy,-37.849483,145.22653968
16684,Harold St/Mountain Hwy,-37.85192001,145.22260559
16685,Linsley Way/Harold St,-37.85290583,145.22224094
16686,Clearview Dr/Harold St,-37.85591665,145.22647644
16687,Salford Park Ret Village/Harold St,-37.8566352,145.22870977
16689,Marlo St/Templeton St,-37.85877924,145.22805601
1669,Yarraman Station/Railway Pde,-37.97784102,145.19166735
16690,Templeton Reserve/Templeton St,-37.86123852,145.2267922
16691,Burwood Hwy/Templeton St,-37.86475122,145.22486644
16692,Raheen Ave/Templeton St,-37.86383832,145.22528621
16693,Templeton Reserve/Templeton St,-37.86092304,145.22678839
16694,Marlo St/Templeton St,-37.85883973,145.22788406
16695,Salford Park Ret Village/Harold St,-37.85659164,145.22821069
16696,Clearview Dr/Harold St,-37.85609107,145.22668822
16697,Harmsworth Ave/Harold St,-37.85559881,145.22512011
16698,Linsley Way/Harold St,-37.8531416,145.22233757
16699,Harold St/Mountain Hwy,-37.85180375,145.22266521
1670,Dallimore Ct/Railway Pde,-37.98039423,145.19537326
16700,Knox Private Hospital/Mountain Hwy,-37.84915749,145.22646792
16701,Scope Knox Lifestyle Options/Boronia Rd,-37.84685338,145.22069293
16702,Moore Rd/Boronia Rd,-37.84168225,145.20419153
16703,Denman Ave/Glen Iris Rd,-37.84911114,145.06833454
16704,Hayward Ct/Boronia Rd,-37.83868046,145.19824161
16705,Beaumont St/Boronia Rd,-37.8370302,145.19640681
16706,Stairway College/Rooks Rd,-37.83337089,145.18757614
16707,Beech St/Rooks Rd,-37.83088477,145.18706886
16708,Lower Ct/Rooks Rd,-37.82913132,145.18673682
16709,Charles Rooks Reserve/Rooks Rd,-37.82658878,145.18549246
16710,Maurice Ct/Rooks Rd,-37.82307314,145.18543087
16711,Thornton Cres/Rooks Rd,-37.82022536,145.18543245
1672,Bulong St/Hemmings St,-37.98302393,145.20408735
1674,Potter St/Hemmings St,-37.98314836,145.20515459
1675,Hemmings St/Pickett St,-37.98401846,145.20784326
16763,Moorabin Airport/Centre Dandenong Rd,-37.96996694,145.09256006
1677,37 Scott St,-37.98620582,145.20945245
16779,High Street Rd/Gallaghers Rd,-37.8764045,145.17890441
1678,Cobain St/Bundeena Ave,-37.98929143,145.17278018
16780,Glen Tower Dr/Gallaghers Rd,-37.88043912,145.17814558
16781,Arlington Dr/Gallaghers Rd,-37.88512077,145.17726837
16783,Paxton Dr/Remington Dr,-37.88691811,145.17927083
16784,Karnak Ct/Remington Dr,-37.88726574,145.18135454
16785,Kawana Cres/Remington Dr,-37.88859621,145.18289104
16786,Waverley Rd/Remington Dr,-37.89067706,145.18399978
16787,Madigan Dr/Waverley Rd,-37.89145915,145.18738071
16788,Jells Rd/Waverley Rd,-37.89184582,145.19083962
16789,Strickland Dr/Jells Rd,-37.89351563,145.19159478
1679,Burraneer Dr/Bundeena Ave,-37.98619134,145.17335809
16790,Heysham Dr/Jells Rd,-37.89648129,145.19105593
16791,Homestead Dr/Jells Rd,-37.90075887,145.19026882
16792,Petronella Ave/Jells Rd,-37.90321208,145.18981065
16793,Ajax Dr/Jells Rd,-37.90508114,145.18945775
16795,Wendy Ct/Marykirk Dr,-37.91246121,145.19175658
16796,Chipping Hill Ct/Marykirk Dr,-37.91140708,145.19353411
16797,Marykirk Dr/Garnett Rd,-37.91082713,145.19567536
16798,Bladen St/Garnett Rd,-37.912842,145.19836752
16799,Haversham Ave/Garnett Rd,-37.91555474,145.20014415
1680,Woronora Ct/Buckley St,-37.98315518,145.17341061
16800,Tanya Pl/Garnett Rd,-37.91895668,145.19984508
16802,Beverley St/Borg Cres,-37.89747122,145.22588894
16803,Hilary St/Borg Cres,-37.8953704,145.22402882
16804,Rubens Ct/Borg Cres,-37.8945675,145.22218307
16805,Redcourt Reserve/Taunton Cres,-37.89548805,145.21988644
16806,Boyd Ct/Taunton Cres,-37.89418645,145.21843941
16807,Taunton Cres/Berrabri Dr,-37.8934187,145.21951552
16808,Goya Ct/Berrabri Dr,-37.89341257,145.22149441
16809,Julian Ave/Berrabri Dr,-37.8914661,145.22209847
1681,Birrong Ave/Buckley St,-37.98152748,145.17247181
16810,George St/Berrabri Dr,-37.88949097,145.22319215
16811,George St/Argyle Way,-37.88875619,145.22466535
16812,St Martins Ct/Brennan Dr,-37.88732844,145.22381269
16813,Brennan Dr/Tintern Cres,-37.88708452,145.22257911
16814,Aplin Pl/Tintern Cres,-37.8854264,145.2237788
16815,Helpmann St/Mowbray Dr,-37.8846815,145.22458128
16816,Loxton Ave/Mowbray Dr,-37.88239191,145.22335141
16817,Tasman Cl/Mowbray Dr,-37.88012472,145.22300794
16818,Rowena Rise/Mowbray Dr,-37.8778515,145.22465432
1682,Rutherglen St/Buckley St,-37.97831485,145.17218718
16820,High Street Rd/Jenola Pde,-37.87637634,145.21947117
16822,Caitlyn Ct/Jenola Pde,-37.87442895,145.22419077
16824,Old Orchard Dr/Timmothy Dr,-37.87184455,145.22492358
16825,Dunns Ct/Old Orchard Dr,-37.87097439,145.22758199
16826,Parkhill Ct/Old Orchard Dr,-37.86895967,145.22964246
16827,Burnside Ct/Old Orchard Dr,-37.86766179,145.22843439
16828,Hewson Ct/Old Orchard Dr,-37.86760334,145.22694657
16829,Renou Rd/Old Orchard Dr,-37.86775731,145.22520356
1683,Maureen Cres/Buckley St,-37.97584499,145.17272661
1684,Rich St/Buckley St,-37.97275407,145.17331555
1685,Noble Park PS/Buckley St,-37.96955594,145.17396401
16852,Campbell St/Normanby Rd,-37.80164365,145.05507944
16853,Argyle Rd/Normanby Rd,-37.80353927,145.05472305
16854,Myrtle Ave/Normanby Rd,-37.8055246,145.05434156
16855,Cotham Rd/Normanby Rd,-37.80937007,145.05363861
16856,Cotham Rd/John St,-37.80977299,145.0523899
16857,Sackville St/John St,-37.81287247,145.05180864
16858,Thomas St/Sackville St,-37.81272937,145.04860905
16859,Carey Baptist Grammar School/Wrixon St,-37.81543597,145.04661798
16860,Harcourt St/Auburn Rd,-37.81810096,145.04592291
16862,Auburn Gr/Auburn Rd,-37.82556674,145.04453305
16863,Bowler St/Auburn Rd,-37.82706654,145.04422078
16864,Riversdale Rd/Auburn Rd,-37.82960974,145.04379005
16865,Harts Pde/Auburn Rd,-37.83203564,145.04335102
16867,Fairmount Rd/Auburn Rd,-37.83475785,145.04284731
16868,Wiseman St/Auburn Rd,-37.83619553,145.04259341
16869,Airedale Ave/Auburn Rd,-37.83769588,145.04231512
16870,Tooronga Rd/Airedale Ave,-37.8381162,145.04591753
16871,Constance St/Tooronga Rd,-37.83889616,145.04621513
16872,Buley St/Tooronga Rd,-37.8431011,145.04545641
16874,Tooronga SC/Tooronga Rd,-37.84636285,145.04488161
16875,Malvern Rd/Tooronga Rd,-37.85288036,145.04228858
16876,East St/Tooronga Rd,-37.85562901,145.04174986
16877,High St/Tooronga Rd,-37.85781187,145.04132836
16878,Wilson St/Tooronga Rd,-37.86138753,145.04066536
16879,Wattletree Rd/Tooronga Rd,-37.86366065,145.04025277
16880,Royston Ave/Tooronga Rd,-37.86651757,145.03972238
16881,Kerferd St/Tooronga Rd,-37.86839509,145.03936569
16882,Findon St/Tooronga Rd,-37.87133212,145.03877625
16883,Moorabbin Hospital/Centre Rd ,-37.92170327,145.06297826
16884,East Boundary Rd/Centre Rd,-37.92109401,145.05827318
16885,Francesco St/Centre Rd,-37.92078415,145.05588098
16886,Alexander St/Centre Rd,-37.92051517,145.05378351
16887,Tucker Rd/Centre Rd,-37.92022361,145.05141363
16888,Greek Orthodox Church/Centre Rd,-37.91956885,145.04670994
16889,Jasper Rd/Centre Rd,-37.91903336,145.04268573
16891,Wheatley Rd/Centre Rd,-37.91776542,145.03258374
16892,Sunnyside Gr/Centre Rd,-37.9172854,145.02867201
16893,Clapperton St/Centre Rd,-37.91686846,145.02530466
16894,Thomas St/Centre Rd,-37.91668936,145.0237624
16895,Charlotte St/Centre Rd,-37.91632861,145.02106474
16896,Nepean Hwy/Centre Rd,-37.91602968,145.01883183
16897,Ward St/Centre Rd,-37.91577538,145.01657499
16898,Summerhill Rd/Centre Rd,-37.91540428,145.0132748
16899,Hampton St/Centre Rd,-37.91485265,145.00836425
16901,Grant St/Hampton St,-37.91196802,145.00724772
16903,Nepean Hwy/Hampton St,-37.90722377,145.00806954
1693,Quinn St/Plunkett Rd,-37.99819971,145.22425021
17,Mount View PS/Gallaghers Rd,-37.88407648,145.1773396
17066,Livingston St/Worthing Rd,-37.94727186,145.03864771
17067,Wickham Rd/Worthing Rd,-37.94564735,145.03904368
17068,Monamie Ave/Wickham Rd,-37.94470296,145.0386136
17069,Daff Ave/Wickham Rd,-37.94429414,145.03517645
17070,Spring Rd/Wickham Rd,-37.94395968,145.03242012
17071,Molong Ave/Wickham Rd,-37.94352866,145.02874467
17072,Saltair St/Wickham Rd,-37.94316112,145.02563653
17074,Thomas St/Bluff Rd,-37.94128882,145.02308082
17075,Raynes Park Rd/Bluff Rd,-37.93778503,145.02372088
17076,Bluff Rd/Ludstone St,-37.93555976,145.02375772
17077,Chislehurst Rd/Ludstone St,-37.93513787,145.02010525
17078,Earlsfield Rd/Ludstone St,-37.9346971,145.01694259
17079,Kingston St/Ludstone St,-37.93429551,145.01343756
17080,Lagnicourt St/Ludstone St,-37.93390918,145.01030764
17081,Favril St/Ludstone St,-37.93341765,145.00629312
17082,Hampton PS/Ludstone St,-37.93307623,145.00369683
17087,Allister Cl/Laura Rd,-37.89138567,145.24495767
17089,Allister Ave/Christie St,-37.89265985,145.24398354
17090,Laura Rd/O'Connor Rd,-37.8936247,145.24040113
17091,Anne Rd/O'Connor Rd,-37.89106501,145.24038247
17092,Sandra Ct/O'Connor Rd,-37.88866833,145.24041679
17093,Egan-Lee Reserve/Allister Ave,-37.88329834,145.24351232
17094,Allister Ave/Wallace Rd,-37.88193222,145.24376081
17095,Keyes Ct/Wallace Rd,-37.87952168,145.2458874
17096,Justin Ct/Wallace Rd,-37.87723363,145.24535046
17097,Exell Ct/Wallace Rd,-37.87644177,145.24361835
17101,Landsdale Cres/Tyner Rd,-37.87443981,145.2375038
17105,Wantirna South PS/Tyner Rd,-37.87247504,145.23749378
17165,McDonald St/Barkly St,-38.00431285,145.08826501
17166,Amott Ct/Wells Rd,-38.01731054,145.11185984
17167,Sutherland Ave/Wells Rd,-38.01807005,145.11482483
17168,Palm Grove Bvd/Wells Rd,-38.01919713,145.11936388
17169,Royal Palms Rd/Wells Rd,-38.02161473,145.12402963
17170,Llewellyn Ave/Wells Rd,-38.02397356,145.12671496
17171,Gilchrist Way/Wells Rd,-38.02603072,145.12913472
17173,Bradina Ct/Amaroo Dr,-38.03554014,145.13323384
17174,Clarood Cres/Amaroo Dr,-38.03662094,145.13092759
17175,Georgiana Cl/Amaroo Dr,-38.03894691,145.13212184
17176,Eighth Ave/Fourth Ave,-38.04059691,145.13331053
17178,Chelsea Heights PS/Thames Prom,-38.04494044,145.13727976
17179,Lynne St/Wells Rd,-38.0477022,145.14152877
17180,Seccull Dr/Wells Rd,-38.0458759,145.14058354
17187,Townview Ave/Wallace Rd,-37.87753427,145.23832825
17188,Witken Ave/Wallace Rd,-37.88093689,145.24047573
17192,Olney Ct/Allister Ave,-37.88309845,145.24340336
17193,Allister Ave/O'Connor Rd,-37.88476303,145.24383001
17194,Rodney Dr/O'Connor Rd,-37.8865934,145.2414782
17195,Sandra Ct/O'Connor Rd,-37.88866051,145.24049657
17196,Anne Rd/O'Connor Rd,-37.89097628,145.24047556
17197,Laura Rd/O'Connor Rd,-37.89378822,145.24048822
17199,Allister Cl/Laura Rd,-37.89132278,145.24497053
17201,Carrington Primary School/Laura Rd,-37.89127774,145.2479965
17212,Kingloch Pde/Dunbarton Dr,-37.84639119,145.24091074
17214,Thaxted Pde/Mountain Hwy,-37.84704464,145.23279199
17217,Wantirna Primary School/Mountain Hwy,-37.85633543,145.21602072
17291,Van Ness Ave/Glen Iris Rd,-37.84900006,145.0681556
17304,Toorak Rd/Glen Iris Rd,-37.84777249,145.06858541
17389,Century Dr/Malcolm Rd,-38.00090372,145.10983222
17390,10 Jarrah Dr,-38.00283742,145.11071645
17394,Jarrah Dr/Baxter Dr,-38.00435377,145.10974362
17395,Crawford St/Industrial Dr,-38.00549528,145.11124046
17396,Governor Rd/Industrial Dr,-38.00704968,145.11263564
17397,Crawford St/Governor Rd,-38.00800503,145.11095965
17398,Boundary Rd/Governor Rd,-38.00758446,145.10722329
17399,Spray Ave/Governor Rd,-38.0076004,145.10206343
17400,J Grut Reserve/Governor Rd,-38.00844141,145.09889819
17401,George Woods Reserve/Governor Rd,-38.00950824,145.09521451
17402,Chute St/Governor Rd,-38.00982924,145.09278016
17403,Albert St/Park St,-38.00862064,145.08994129
17490,Boundary Rd/Redwood Dr,-37.98389639,145.11081526
17491,Tarnard Dr/Boundary Rd,-37.98837998,145.10830907
17492,Citrus St/Boundary Rd,-37.99167568,145.10702877
17493,Mills Rd/Boundary Rd,-37.99443545,145.10660481
17494,Walker St/Boundary Rd,-37.99734633,145.10605165
17495,Malcolm Rd/Boundary Rd,-37.9997899,145.10557881
17496,Jarrah Dr/Malcolm Rd,-38.00071752,145.10946118
17497,11 Jarrah Dr,-38.00298338,145.11082659
17498,Jarrah Dr/Baxter Dr,-38.00442785,145.109867
17499,Crawford St/Industrial Dr,-38.00536679,145.1110957
17500,Governor Rd/Industrial Dr,-38.00718644,145.11273464
17501,Crawford St/Governor Rd,-38.00814587,145.11075102
17502,Boundary Rd/Governor Rd,-38.00762549,145.10641358
17503,Spray Ave/Governor Rd,-38.00776236,145.10204786
17504,J Grut Reserve/Governor Rd,-38.00865594,145.09879014
17505,George Woods Reserve/Governor Rd,-38.00958399,145.09544034
17506,Chute St/Park St,-38.00997244,145.0927195
17507,Mordialloc Station/Albert St,-38.00712151,145.08863624
17598,Beatrice St/Princess St,-37.80427808,145.02923885
17601,Peterson St/Highett Rd,-37.9466795,145.02479127
17607,Ricketts Rd/Blackburn Rd,-37.89668888,145.14362757
17609,Ferntree Gully Rd/Blackburn Rd,-37.90075005,145.14285452
17610,Samada St/Blackburn Rd,-37.90394983,145.14231914
17611,Normanby Rd/Blackburn Rd,-37.90588213,145.1419862
17612,Martin St/Blackburn Rd,-37.90802,145.1415457
17613,Monash Residents Campus/Blackburn Rd,-37.90998742,145.14115496
17614,Monash Biomedical Imaging/Blackburn Rd,-37.91200943,145.14079695
17615,Luntar Rd/Centre Rd,-37.92439781,145.08610447
17616,Warrigal Rd/Centre Rd,-37.9237942,145.08113719
17617,Yaralla Rd/Centre Rd,-37.92349781,145.0784373
17618,Begg St/Centre Rd,-37.9233168,145.07673554
17619,Mackie Rd/Centre Rd,-37.92278741,145.07247182
17621,Chester St/Centre Rd,-37.92206151,145.06667752
17622,Moorabbin Hospital/Centre Rd ,-37.9215462,145.06274348
17624,Francesco St/Centre Rd,-37.92071641,145.05614442
17625,Alexander St/Centre Rd,-37.92041702,145.05384298
17626,Tucker Rd/Centre Rd,-37.91996288,145.05036255
17627,Greek Orthodox Church/Centre Rd,-37.91948085,145.04683741
17628,Jasper Rd/Centre Rd,-37.91891474,145.04259786
17629,Godfrey St/Centre Rd,-37.9185766,145.04014969
17631,Campbell St/Centre Rd,-37.91766995,145.03280242
17632,Whitmuir Rd/Centre Rd,-37.917207,145.02883336
17633,Wilson St/Centre Rd,-37.91668567,145.02461565
17634,Clinton St/Centre Rd,-37.9162322,145.02122658
17635,Nepean Hwy/Centre Rd,-37.91592447,145.01900528
17636,Lilac Cres/Centre Rd,-37.91557222,145.01575006
17637,Primrose Cres/Centre Rd,-37.91528488,145.01314151
17638,Davies St/Centre Rd,-37.91473651,145.00842426
17640,Hampton St/Hammond St,-37.91639276,145.00618416
17641,Halifax St/Wilson St,-37.91475466,145.00364627
1769,Fowler Rd/South Gippsland Hwy,-38.00497687,145.22725295
1777,100 South Gippsland Hwy,-38.0089989,145.22922904
1783,Hallam Valley Rd/South Gippsland Hwy,-38.01336459,145.2312882
1790,South Link/South Gippsland Hwy,-38.02071829,145.23849327
1791,Pound Rd/South Gippsland Hwy,-38.02605226,145.24324156
1792,Mary St/Vanessa Dr,-38.02745976,145.24999806
1811,Doveton Heights Primary School/Laurel Ave,-37.99080398,145.24304651
1812,Paperbark St/Laurel Ave,-37.99131132,145.24745264
1813,Waratah Reserve/Laurel Ave,-37.99159152,145.2499284
1816,Dorothy St/Kidds Rd,-37.98813382,145.24709556
18163,Doveton Ave/Princes Hwy,-38.00348708,145.24931534
18164,Olive Rd/Princes Hwy,-38.00291469,145.24477334
18165,South Gippsland Hwy/Princes Hwy,-38.00107676,145.22918045
1817,Waratah St/Kidds Rd,-37.98800228,145.24250985
18171,Olive Rd/Frawley Rd,-37.99596389,145.24701166
1818,Kidds Rd/Power Rd,-37.98904192,145.23911453
1819,Holy Family School/96 Power Rd,-37.99113565,145.23871146
1820,Doveton Senior Citizens Club/Power Rd,-37.99315748,145.23832148
1821,Brentford Ct/Heyington Cres,-37.95951291,145.19884389
1822,Lawrence Cres/Heyington Cres,-37.95651191,145.19942938
1823,Coolavin Rd/Halton Rd,-37.95546921,145.19783866
1824,Halton Rd/Bakers Rd,-37.95452714,145.19634795
1825,Frognal Dr/Bakers Rd,-37.95141299,145.19660621
1826,Silverton Dr/Bakers Rd,-37.94967005,145.19695611
1827,Eagle Dr/Bakers Rd,-37.94630058,145.19760749
1828,Alpine Cres/Bakers Rd,-37.94369491,145.19811496
1829,Bakers Rd/Manning Dr,-37.94156507,145.19791664
1830,Omeo St/Manning Dr,-37.94129241,145.1948281
1833,Milton Cres/Albany Dr,-37.93280225,145.17200656
18334,Cheltenham Park/Park Rd,-37.96480806,145.04999651
1834,Hansworth St/Albany Dr,-37.93023238,145.17249119
1835,Albany Rise Primary School/Albany Dr,-37.92865203,145.17286027
1836,Glengariff Dr/Albany Dr,-37.92553864,145.1737451
1837,Cromer Cres/Albany Dr,-37.9235884,145.17118809
1838,Brandon Park Dr/Lum Rd,-37.91648064,145.17774583
1839,Brahmin Ave/Lum Rd,-37.91354122,145.17822787
1840,St Matthews Anglican Church/Earlwood Dr,-37.91070249,145.17822965
1841,Cintra Ave/Earlwood Dr,-37.91031048,145.17503168
1842,Earlwood Dr/Cootamundra Dr,-37.9094858,145.17183308
1843,Azalea Ct/Cootamundra Dr,-37.90653986,145.17073447
1844,Cootamundra Dr/Ferntree Gully Rd,-37.90456312,145.1705332
1845,Brandon Park Vet Hospital/Ferntree Gully Rd,-37.90420585,145.16668639
1846,Hammond Rd/Dalgety St,-37.9945004,145.20910273
1847,Francis St/Dalgety St,-37.9941275,145.20592327
1848,Russian Welfare Society Aged Home/Morwell Ave,-37.99620855,145.20410744
1849,Kirkham Rd/Morwell Ave,-37.99787942,145.2037592
1850,Canberra Ave/Kirkham Rd,-37.9985509,145.20760344
1851,Gretana St/Hammond Rd,-38.00103206,145.20838579
1856,52 Scott St,-37.98610621,145.20942071
1857,Holy Trinity Lutheran Church/Pickett St,-37.9854943,145.20770488
1858,Cadd Lane/Pickett St,-37.98391262,145.20799386
1859,Hemmings St/Potter St,-37.98261274,145.2060785
1860,Birdwood Ave/Potter St,-37.98077952,145.20641917
1861,Princes Hwy/Potter St,-37.97919784,145.20670815
1862,Gladstone Rd/Princes Hwy,-37.97420399,145.20249219
1863,Adelaide St/Princes Hwy,-37.97187963,145.20018099
1864,Heatherton Rd/Princes Hwy,-37.96538873,145.1929746
1865,Sunline Ave/Princes Hwy,-37.96400081,145.19121013
1866,Elonera Rd/Princes Hwy,-37.96142373,145.18830253
1867,Ellendale Rd/Princes Hwy,-37.95793238,145.1845526
1868,Bowmore Rd/Princes Hwy,-37.95224337,145.17797782
1869,Ardgower Rd/Princes Hwy,-37.95122527,145.17683074
18692,Edithvale Station/Station St,-38.03787586,145.10854018
18693,Edithvale Station/Station St,-38.03817862,145.10887422
18695,Mordialloc Station/Albert St,-38.00624787,145.08811225
18697,Parkdale Station/Como Pde East,-37.99321108,145.07669915
18698,Parkdale Station/Parkers Rd,-37.99328623,145.07743736
1870,Overseas Dr/Princes Hwy,-37.95535286,145.18149756
18701,Morris St/Davey St,-37.99318905,145.08861079
1871,Corrigan Rd/Princes Hwy,-37.94789097,145.1733511
1872,Jewish Cemetery/Princes Hwy,-37.94517569,145.17027747
1873,Racecourse Dr/Princes Hwy,-37.94272512,145.16742508
1875,Hillside St/Princes Hwy,-37.94026938,145.16482334
18756,Hood St/Ludstone St,-37.9336411,145.00831236
18757,McDonald St/Barkly St,-38.00433747,145.08811632
1876,Grace St/Princes Hwy,-37.93828771,145.1625741
1877,Redpath Cres/Princes Hwy,-37.9353137,145.15910946
18797,Webb St/Toorak Rd,-37.84709184,145.06664844
18798,Hillside Pde/Toorak Rd,-37.8467794,145.06408819
18799,Toorak Rd/Bowen St,-37.84610788,145.06216241
18801,65 Bowen St,-37.84328667,145.06267946
18802,Nettleton Ave/Bowen St,-37.84168717,145.06295996
18803,Trumper St/Bowen St,-37.8397647,145.06332844
18804,Camberwell Rd/Bowen St,-37.83787844,145.06370731
18805,Trafalgar Rd/Camberwell Rd,-37.83570388,145.06190065
18806,Reserve Rd/Camberwell Rd,-37.83375622,145.059645
18807,Station St/Riversdale Rd,-37.83151778,145.05834017
18808,Market Pl/Station St,-37.83076862,145.05826892
18809,Camberwell Central/Station St,-37.82915976,145.05852697
18810,Craig Ave/Prospect Hill Rd,-37.82873454,145.06170808
18811,Trafalgar Rd/Prospect Hill Rd,-37.82902171,145.06382524
18812,Kasouka Rd/Prospect Hill Rd,-37.82915351,145.06526476
18814,Carinda Rd/Prospect Hill Rd,-37.83005542,145.0730015
18815,Burnside Ave/Prospect Hill Rd,-37.83039801,145.07576495
18816,Hassett Ave/Prospect Hill Rd,-37.83068444,145.0784049
18817,Griotte St/Prospect Hill Rd,-37.83086778,145.08025219
18818,Molesworth St/Prospect Hill Rd,-37.83138593,145.08273846
18820,Middlesex Rd/Prospect Hill Rd,-37.83206693,145.0885952
18821,Albion St/Middlesex Rd,-37.83116577,145.08915249
18822,Payne St/Middlesex Rd,-37.82918841,145.08947619
18823,Durham Rd/Kent Rd,-37.82809019,145.09066342
18824,Essex Rd/Kent Rd,-37.82852685,145.09258368
18825,Union Rd/Kent Rd,-37.8290085,145.09617302
18826,Canterbury Rd/Union Rd,-37.82636743,145.09725208
18827,Montrose St/Union Rd,-37.8221979,145.09799538
18828,Mont Albert Rd/Union Rd,-37.82112941,145.09823866
18829,Weybridge St/Union Rd,-37.81884058,145.09880863
18830,Whitehorse Rd/Union Rd,-37.81465356,145.09958627
18831,Threadneedle St/Union Rd,-37.81186945,145.10018019
18832,Yarrbat Ave/Union Rd,-37.81059211,145.10032652
18833,Union Rd/Erne St,-37.80975046,145.10066614
18834,Kerry Pde/Bundoran Pde,-37.80936048,145.103868
18835,Sutton Pde/Bundoran Pde,-37.80952252,145.10497704
18836,Rostrevor Pde/Bundoran Pde,-37.80977877,145.10690152
18837,Braemar St/Bundoran Pde,-37.80997103,145.10877086
18838,Malvern Rd/Melrose St,-37.81076526,145.11109059
18839,Box Hill Senior Sec Col/Melrose St,-37.81107428,145.11350223
18840,Botanic Walk/Melrose St,-37.81129055,145.11518926
18841,Elgar Rd/Severn St,-37.81164202,145.11631625
18842,Avon St/Severn St,-37.81189918,145.11830897
18843,Nelson Rd/Severn St,-37.81206997,145.11997446
18844,Nelson Rd/Thames St,-37.81323247,145.12053567
18845,Station St/Thames St,-37.81363884,145.1239787
18847,Whitehorse Rd/Station St,-37.81747783,145.1239724
18879,Glen Iris Rd/Toorak Rd,-37.84740092,145.06845872
18880,Webb St/Toorak Rd,-37.84715079,145.06639687
18881,Hillside Pde/Toorak Rd,-37.84689707,145.0641192
18882,St Marys Anglican Church/Bowen St,-37.84606134,145.06207272
18884,62 Bowen St,-37.843303,145.06257676
18885,Nettleton Ave/Bowen St,-37.84136251,145.06294573
18888,Seymour Gr/Camberwell Rd,-37.83565473,145.06165195
18889,Camberwell Civic Centre/Camberwell Rd,-37.83408368,145.05982959
18890,Riversdale Rd/Butler St,-37.83228717,145.05963804
18891,29 Fairholm Gr,-37.83039044,145.05938096
18892,Prospect Hill Rd/Fairholm Gr,-37.82870106,145.05967518
18893,Craig Ave/Prospect Hill Rd,-37.82864614,145.06181265
18894,Stanhope Gr/Prospect Hill Rd,-37.82888435,145.06369249
18895,Kasouka Rd/Prospect Hill Rd,-37.8290968,145.06565255
18896,Moorhouse St/Prospect Hill Rd,-37.82928282,145.06710202
18897,Maling Rd/Prospect Hill Rd,-37.83006109,145.07389896
18898,Dryden St/Prospect Hill Rd,-37.83031312,145.0760853
18900,Strathcona Girls Grammar/Prospect Hill Rd,-37.83083471,145.08043484
18901,Molesworth St/Prospect Hill Rd,-37.83122872,145.08249256
18903,Middlesex Rd/Prospect Hill Rd,-37.83197814,145.08867703
18904,Dome St/Middlesex Rd,-37.83046314,145.08917061
18905,Mary Mackillop Reserve/Middlesex Rd,-37.82916947,145.08941987
18906,Durham Rd/Kent Rd,-37.82830436,145.09053292
18907,Essex Rd/Kent Rd,-37.82848878,145.09190295
18908,Norfolk Rd/Kent Rd,-37.82862264,145.0940469
18909,Union Rd/Kent Rd,-37.82884415,145.0960409
18911,Guildford Rd/Union Rd,-37.82235803,145.0978663
18912,Mont Albert Rd/Union Rd,-37.82006773,145.09834544
18913,Weybridge St/Union Rd,-37.81839716,145.09869504
18914,Whitehorse Rd/Union Rd,-37.81463243,145.0993937
18915,Threadneedle St/Union Rd,-37.81215331,145.09990029
18916,Union Rd/Erne St,-37.80970872,145.10087168
18917,Kerry Pde/Bundoran Pde,-37.80929006,145.10397204
18919,Sutton Pde/Bundoran Pde,-37.80942434,145.10503634
18920,Rostrevor Pde/Bundoran Pde,-37.80961961,145.10653074
18921,Braemar St/Bundoran Pde,-37.80990961,145.10887466
18922,Malvern Rd/Melrose St,-37.81075581,145.11162471
18924,Elgar Rd/Melrose St,-37.81130864,145.11575676
18925,Elgar Rd/Severn St,-37.81156222,145.11639779
18926,Avon St/Severn St,-37.81176388,145.11830104
18927,Nelson Rd/Severn St,-37.81196169,145.11996585
18928,Nelson Rd/Thames St,-37.81312473,145.12056112
18929,Station St/Thames St,-37.81356355,145.12434411
18989,Hawksburn Cres/Wolf St,-37.87592843,145.23580839
18990,Melanie Cl/Wallace Rd,-37.88113138,145.24565592
18991,Allister Ave/O'Connor Rd,-37.88489325,145.24349716
18992,Rodney Dr/O'Connor Rd,-37.88655618,145.24139949
18993,O'Connor Rd/Christie St,-37.89497772,145.24108537
1936,Gardenia Rd/North Rd,-37.89988085,145.00816518
1945,Northam St/Waverley Rd,-37.89187382,145.19031583
1955,Police Rd/Princes Hwy,-37.93292637,145.15685927
19610,Mentone Station/Como Pde,-37.98201385,145.06487736
19611,Mentone Station/Como Pde,-37.98194949,145.06479935
19613,Mentone Station/Como Pde,-37.98157267,145.06435384
19614,Mentone Station/Como Pde,-37.98167307,145.0644309
1962,Harcourt Ave/Princes Hwy,-37.93068749,145.15316055
19620,Moorabbin Station/Station St,-37.93523794,145.03682853
19629,Knox City Shopping Centre ,-37.86950333,145.2382467
1963,Kalimna Ave/Princes Hwy,-37.92825682,145.14930757
19630,Knox City Shopping Centre ,-37.86942802,145.23803249
19631,Knox City Shopping Centre ,-37.86946509,145.23870234
19632,Knox City Shopping Centre ,-37.86933998,145.23877353
19634,Knox City Shopping Centre ,-37.86924785,145.23803678
19635,Knox City Shopping Centre ,-37.86931329,145.23819438
19636,Knox City Shopping Centre ,-37.86937007,145.23837492
19637,Knox City Shopping Centre ,-37.86931092,145.2386378
19639,Box Hill Bus Station/Station St,-37.81924497,145.12232582
1964,Garden Rd/Princes Hwy,-37.92598329,145.14571256
19640,Box Hill Bus Station/Station St,-37.81926552,145.12248435
19641,Box Hill Bus Station/Station St,-37.81948335,145.12258108
19642,Box Hill Bus Station/Station St,-37.81962676,145.122532
19643,Box Hill Bus Station/Station St,-37.81977954,145.12250541
19644,Box Hill Bus Station/Station St,-37.81992331,145.12247904
19645,Box Hill Bus Station/Station St,-37.820066,145.12238454
19646,Box Hill Bus Station/Station St,-37.82003698,145.12226031
19647,Box Hill Bus Station/Station St,-37.81996238,145.12210315
19648,Box Hill Bus Station/Station St,-37.8198278,145.12214065
19649,Box Hill Bus Station/Station St,-37.81969303,145.12216678
1965,Renver Rd/Princes Hwy,-37.92397737,145.1425206
19650,Box Hill Bus Station/Station St,-37.81953143,145.12220496
19651,Box Hill Bus Station/Station St,-37.81936982,145.12224314
1966,Blackburn Rd/Princes Hwy,-37.92082662,145.13760574
1968,Allen St/Warrigal Rd,-37.88867056,145.08915638
1969,Dalgety St/Warrigal Rd,-37.89101409,145.08862956
1970,Dandenong Rd/Warrigal Rd,-37.89389902,145.08814555
1972,Atherton Rd/Hanover St,-37.8993892,145.09215456
1973,Clyde St/Atherton Rd,-37.89946044,145.09543946
1974,Oak Towers Aged Care/Atherton Rd,-37.89979725,145.09787594
1975,Begonia Rd/Gardenvale Rd,-37.89786557,145.00729834
1976,Henry St/Atherton Rd,-37.90066677,145.10429067
1978,Carmichael Rd/Princes Hwy,-37.90473572,145.11186345
1979,Warriston St/Bay St ,-37.90600054,145.00661258
19800,Oakleigh Station/Portman St,-37.89964725,145.08806505
19803,Oakleigh Station/Portman St,-37.89944076,145.08755862
19804,Oakleigh Station/Portman St,-37.89953324,145.08770407
19805,Oakleigh Station/Portman St,-37.89964356,145.08783769
19809,Monash University,-37.91368681,145.13176842
19810,Monash University,-37.91388445,145.13172929
19811,Monash University,-37.91407326,145.13170177
19812,Monash University,-37.91426189,145.13166287
19813,Monash University,-37.91445052,145.13162397
19814,Monash University,-37.91384986,145.13182117
19815,Monash University,-37.91367024,145.13185984
19817,Dandenong Station/Foster St,-37.98954417,145.2097129
19818,Dandenong Station/Foster St,-37.98963373,145.20967656
19819,Dandenong Station/Foster St,-37.98970875,145.20986831
1982,Clayton North Primary School/Princes Hwy,-37.91155121,145.12272267
19820,Dandenong Station/Foster St,-37.98983955,145.21017258
19821,Dandenong Station/Foster St,-37.98985912,145.21027459
19822,Dandenong Station/Foster St,-37.98936971,145.20890867
19824,Dandenong Station/Foster St,-37.98966283,145.20922037
1984,Wellington Rd/Princes Hwy,-37.91523157,145.12860113
1985,Parker St/Princes Hwy,-37.91740633,145.13218621
1986,Arnott St/Princes Hwy,-37.91909831,145.134885
1988,Galos Pl/Police Rd,-37.93662027,145.18403025
1989,Springvale Crematorium/Police Rd,-37.93628666,145.18110278
1990,Springvale Cemetery/Police Rd,-37.93606862,145.17924207
1991,Aubyn Ct/Grovelands Dr,-37.93345476,145.18212835
1992,Hansworth St/Grovelands Dr,-37.93155774,145.18358594
1993,Mayfair Cl/Hansworth St,-37.93100428,145.18217733
1994,Huxley Ave/Hansworth St,-37.93073601,145.17881613
1995,Kambara Dr/Hansworth St,-37.93124448,145.17557227
1996,Albany Dr/Hansworth St,-37.93094299,145.17298559
1997,Milton Cres/Albany Dr,-37.93279519,145.1721319
1998,Denver Cres/Albany Dr,-37.93434904,145.17179757
2000,Caesar St/Police Rd,-37.93455364,145.16757114
2001,Nullawil St/Police Rd,-37.93404891,145.16352164
2002,Wattle Gr/Police Rd,-37.93345933,145.15866647
2003,Fairview St/Springvale Rd,-37.93435906,145.15569704
2004,Kemp St/Springvale Rd,-37.93644364,145.15530358
2005,Pullen Ct/Springvale Rd,-37.93889684,145.15485536
2006,Warner Reserve/Springvale Rd,-37.94070269,145.15450295
2007,Rosalie St/Springvale Rd,-37.94459347,145.15377972
2009,Springvale Station/Springvale Rd,-37.94909483,145.15291593
20093,Union Station/Union Rd ,-37.82476654,145.09745226
20094,Spencer Rd/Prospect Hill Rd,-37.82982749,145.0711895
20097,Glen Iris Station/Wills St,-37.85922077,145.05837496
20115,Rangeview Ave/Chadstone Rd,-37.88454244,145.07859758
20116,Fenwick St/Chadstone Rd,-37.88191916,145.07909783
20117,Armstrong Ct/Chadstone Rd,-37.88065274,145.07935813
20118,Waverley Rd/Chadstone Rd,-37.87880154,145.07967909
20119,Trumper St/Bowen St,-37.83955658,145.06327706
2012,Springvale Library/Springvale Rd,-37.95669743,145.15155317
20120,Camberwell Rd/Bowen St,-37.83753464,145.06362539
20121,Spencer Rd/Prospect Hill Rd,-37.8297284,145.07119208
20122,Logan St/Prospect Hill Rd,-37.83052315,145.07790915
20124,Union Station/Union Rd ,-37.82423598,145.09752269
2013,Killester College/Springvale Rd,-37.95835966,145.15123833
20132,Box Hill Senior Sec Col/Melrose St,-37.81100513,145.11368574
2015,Heatherton Rd/Springvale Rd,-37.96138793,145.15068433
20156,Brixton Rise/High St,-37.86010079,145.06201194
20157,Dandenong Station/Foster St,-37.98988026,145.20988692
2016,Glenwood Dr/Springvale Rd,-37.96511418,145.14981679
2017,Kilberry Ave/Springvale Rd,-37.96879736,145.14907547
20170,Mackie Rd/Wanda St,-37.92349796,145.16595709
20171,Shaftsbury St/Wanda St,-37.92038556,145.16458964
20172,Columbia Dr/Brandon Park Dr,-37.91872759,145.18143305
20173,Mantova Dr/Brandon Park Dr,-37.91691862,145.17925936
20174,Mantova Dr/Brandon Park Dr,-37.91697799,145.17901901
20181,Claredale Rd/Princes Hwy,-38.00062024,145.22818924
20182,Lace St/Princes Hwy,-38.00176649,145.23789909
20183,Olive Rd/Princes Hwy,-38.00271548,145.24591699
20184,Doveton Ave/Princes Hwy,-38.00318807,145.24981218
2019,Athol Road Primary School/Athol Rd,-37.97123609,145.15057382
2020,Parker St/Athol Rd,-37.97165078,145.15402416
2021,Mackay St/Athol Rd,-37.97209907,145.15732571
2022,Noble St/Athol Rd,-37.9725355,145.16102604
2023,Jeffery Ave/Athol Rd,-37.97293607,145.16416948
2024,Corrigan Rd/Athol Rd,-37.97316213,145.16595118
20248,Nepean Hwy/South Rd,-37.93335105,145.03608228
2025,Simon Ave/Corrigan Rd,-37.97569227,145.16638913
20250,Hansworth St/Wanda St,-37.92944955,145.16677629
20252,Albany Dr/Police Rd,-37.93507573,145.17274673
20254,Ranfurlie Dr/Springvale Rd,-37.89462846,145.16336453
2026,Wallarano Dr/Corrigan Rd,-37.97865685,145.16579163
20260,Irving Rd/Oakwood Ave,-37.96237435,145.19914961
20264,North Rd/Warrigal Rd,-37.91013602,145.0852343
20265,Bossington St/Warrigal Rd,-37.91679279,145.08394689
20266,Old Dandenong Rd/Warrigal Rd,-37.93082578,145.08128433
20268,Mordialloc SC/Centre Way,-38.00762839,145.08600349
20270,Hewitt St/Keys Rd,-37.94802737,145.06138805
20271,Bernard St/Herald St,-37.95392711,145.07327422
20272,Keys Rd/Herald St,-37.94977386,145.07389486
20273,Kilpa Rd/Keys Rd,-37.94891043,145.0701505
20274,Christensen St/Keys Rd,-37.94873763,145.06730993
20276,Hewitt St/Keys Rd,-37.94771248,145.06032659
20279,Friars Rd/Keys Rd,-37.94835776,145.06448619
2028,Allawah Cl/Kingsclere Ave,-37.98408486,145.16944801
2029,Chesney St/Kingsclere Ave,-37.98725262,145.16974503
2031,Bundeena Ave/Kingsclere Ave,-37.99070677,145.17165191
2033,Kingsclere Ave/Cheltenham Rd,-37.99452371,145.17661323
2034,Cabinda Dr/Cheltenham Rd,-37.99494385,145.17988248
2035,Cheltenham Rd/Chandler Rd,-37.99392988,145.18191175
2036,Parkmore Rd/Chandler Rd,-37.99092918,145.18250964
2037,Elmbank Dr/Chandler Rd,-37.989051,145.18285205
20375,Graduate Cres/Brandon Park Dr,-37.90917322,145.16391285
20376,Mackellar Ave/Brandon Park Dr,-37.91185098,145.16630324
20377,Drysdale Ct/Brandon Park Dr,-37.91384705,145.16832395
20378,Tudawali Cres/Brandon Park Dr,-37.91639297,145.17093405
20379,Ondine Dr/Brandon Park Dr,-37.91819112,145.17356282
2038,Somerset Dr/Chandler Rd,-37.98690363,145.1832694
20380,Lum Rd/Brandon Park Dr,-37.91701181,145.17712982
20381,Heatherton Rd/Menzies Ave,-37.96907576,145.21132582
20382,De Villiers Dr/James St,-37.97144813,145.21088118
20383,Charles St/James St,-37.97399113,145.21039822
20384,David St/James St,-37.97657,145.20990295
2039,Isaac Rd/Chandler Rd,-37.98422617,145.18379088
2040,Popes Rd/Chandler Rd,-37.98243824,145.18414237
20400,North Brighton Station/Bay St,-37.90553659,145.00316753
20409,Mountain Hwy/Stud Rd,-37.84483419,145.24769832
2041,Stackpoole St/Chandler Rd,-37.98046167,145.18453266
2042,Yarraman Rd/Chandler Rd,-37.97791844,145.18499381
2043,Lynette Ct/Chandler Rd,-37.97568062,145.18539047
20436,Francis St/Malvern Rd,-37.84773797,145.00013648
20438,Magnolia Rd/Gardenvale Rd,-37.89804455,145.00988643
20439,Begonia Rd/Gardenvale Rd,-37.89776037,145.00747177
2044,Pamela St/Railway Pde,-37.974657,145.18738521
2045,Liege Ave/Railway Pde,-37.97608434,145.1893652
2046,Yarraman Station/Railway Pde,-37.97856258,145.19287924
2047,Dallimore Ct/Railway Pde,-37.9803324,145.19545448
2048,Belfort St/Railway Pde,-37.98238736,145.19840998
20574,Bentleigh Station/Centre Rd,-37.91820512,145.03732702
20575,Bent St/Centre Rd,-37.91827671,145.03783702
20577,McKinnon Station/McKinnon Rd,-37.91099628,145.03843996
20578,McKinnon Station/McKinnon Rd,-37.91112125,145.03836839
20583,Caulfield Station/Sir John Monash Dr,-37.87694242,145.04232245
20587,Toorak Station/Clendon Rd,-37.85061856,145.01539022
20649,Saturn St/Kooyong Rd,-37.89664447,145.0128923
20650,Clarence St/Kooyong Rd,-37.89288964,145.01360734
20651,Trevelyan St/Kooyong Rd,-37.89048193,145.0140473
20652,Buxton St/Kooyong Rd,-37.88893702,145.01435035
20653,Burreel Ave/Kooyong Rd,-37.8871585,145.01469377
20654,Murray St/Kooyong Rd,-37.88480482,145.01513221
20655,Prentice St/Kooyong Rd,-37.88372697,145.01534308
20656,Caulfield Hospital/Kooyong Rd ,-37.88200229,145.01567363
20658,Glen Eira Rd/Kooyong Rd,-37.87950563,145.01618405
20659,Yanakie Cres/Kooyong Rd,-37.87711648,145.01665745
20660,Eyre Rd/Kooyong Rd,-37.87568828,145.01693451
20661,Airdrie Rd/Kooyong Rd,-37.8742689,145.01719995
20667,Balaclava Rd/Kooyong Rd,-37.8720599,145.01766844
20669,Inkerman Rd/Kooyong Rd,-37.86909483,145.01819126
20670,Wanda Rd/Kooyong Rd,-37.8668312,145.01862705
20671,Alma Rd/Kooyong Rd,-37.86519658,145.01895502
20672,Dandenong Rd/Kooyong Rd,-37.86339943,145.01926459
20673,Wattletree Rd/Kooyong Rd,-37.86164733,145.01957294
20674,St James Rd/Kooyong Rd,-37.85936491,145.01996366
20675,Armadale Station/Kooyong Rd,-37.85724463,145.02035002
20676,High St/Kooyong Rd,-37.85577061,145.02058268
20677,Munro St/Kooyong Rd,-37.85375708,145.02088658
20678,Kooyong Rd/Rose St,-37.85157721,145.02094487
20679,Densham Rd/Rose St,-37.85118885,145.01821623
20680,Toorak Station/Clendon Rd,-37.85057103,145.01524375
20681,Malvern Rd/Orrong Rd,-37.84894446,145.01230976
20698,Millicent Ave/Orrong Rd,-37.84704978,145.01271294
20699,Springfield Ave/Orrong Rd,-37.84526205,145.01304505
20700,Stonehaven Ct/Orrong Rd,-37.84376178,145.01332396
20701,St Johns Anglican Church/Orrong Rd,-37.84194836,145.01373627
20702,Toorak Rd/Grange Rd,-37.84103299,145.01076082
20703,Douglas St/Grange Rd,-37.83923605,145.01108182
20704,Grange Rd/Bruce St,-37.8375129,145.01096902
20705,Balmerino Ave/Bruce St,-37.83722151,145.00865878
20706,Williams Rd/Bruce St,-37.83693236,145.00595079
20707,Como Park/Alexandra Ave,-37.83493962,145.00428868
20708,River St/Alexandra Ave,-37.83427535,145.00019331
20715,River St/Alexandra Ave,-37.83405324,145.00038111
20716,Como Park/Alexandra Ave,-37.83473841,145.00464634
20717,Verdant Ave/Bruce St,-37.83683654,145.00614654
20718,Balmerino Ave/Bruce St,-37.83717131,145.00888739
20719,Grange Rd/Bruce St,-37.8374255,145.01113045
20720,Trawalla Ave/Grange Rd,-37.83931943,145.01121594
20721,Toorak Rd/Grange Rd,-37.84111617,145.01088358
20722,St Johns Anglican Church/Orrong Rd,-37.84206738,145.01384671
20723,Stonehaven Ct/Orrong Rd,-37.84363894,145.01352045
20724,Dunraven Ave/Orrong Rd,-37.84519286,145.01321737
20725,Millicent Ave/Orrong Rd,-37.84698865,145.01282823
20726,Malvern Rd/Orrong Rd,-37.84882947,145.01243786
20728,Densham Rd/Rose St,-37.85108633,145.01801441
20729,Kooyong Rd/Rose St,-37.85147007,145.02100457
20730,Flete Ave/Kooyong Rd,-37.85348971,145.02106421
20731,Armadale Station/Kooyong Rd,-37.85730864,145.02040514
20732,St James Rd/Kooyong Rd,-37.85940343,145.02011039
20733,Wattletree Rd/Kooyong Rd,-37.86090389,145.01984291
20734,Dandenong Rd/Kooyong Rd,-37.86223417,145.0196368
20735,Alma Rd/Kooyong Rd,-37.86459689,145.01919842
20736,Wanda Rd/Kooyong Rd,-37.86668075,145.01879022
20737,Inkerman Rd/Kooyong Rd,-37.86853979,145.01841076
20738,Dorgan St/Kooyong Rd,-37.87065163,145.0180586
20739,Balaclava Rd/Kooyong Rd,-37.87140617,145.01791333
20740,Airdrie Rd/Kooyong Rd,-37.87411864,145.01737451
20741,Eyre Rd/Kooyong Rd,-37.87572623,145.01704718
20742,Yanakie Cres/Kooyong Rd,-37.87704653,145.01678439
20743,Glen Eira Rd/Kooyong Rd,-37.87884308,145.01644059
20745,Caulfield Hospital/Kooyong Rd,-37.8819055,145.01581267
20746,Prentice St/Kooyong Rd,-37.88340537,145.01551089
20747,Glen Huntly Rd/Kooyong Rd ,-37.885696,145.01507417
20749,Sycamore St/Kooyong Rd,-37.88881341,145.0145015
20750,Trevelyan St/Kooyong Rd,-37.89059213,145.01416943
20763,St Catharines Church/Kooyong Rd,-37.89277542,145.01378098
20765,North Rd/Kooyong Rd,-37.90004244,145.01239148
20766,Sandringham Station/Station St,-37.95020748,145.00423464
20767,Hampton Station/Willis Lane,-37.93737981,145.00133882
20771,Sandringham Station/Station St,-37.95065863,145.00426796
20772,High St/Kooyong Rd,-37.8553503,145.02077577
20921,Jetty Rd/Beach Rd,-37.9464921,145.00089846
20922,FG Tricks Reserve/Bluff Rd,-37.96567472,145.01828353
20923,Dalgetty St/Holding St,-37.99114854,145.03588545
20924,WF Vale Reserve/Tramway Pde,-37.98946612,145.04145282
20983,Southland Shopping Centre/Karen St ,-37.95816545,145.05319977
20984,Southland Shopping Centre/Karen St ,-37.95803109,145.05324885
20985,Southland Shopping Centre/Karen St ,-37.95789559,145.05322966
20986,Southland Shopping Centre/Karen St ,-37.95779576,145.05318677
20987,Southland Shopping Centre/Karen St ,-37.95813337,145.05343964
20988,Southland Shopping Centre/Karen St ,-37.95800708,145.05343159
20989,Southland Shopping Centre/Karen St ,-37.95788022,145.05338941
20990,Southland Shopping Centre/Karen St ,-37.95778056,145.0533579
20991,Southland Shopping Centre/Karen St ,-37.95769275,145.0534968
21005,Ringwood Station/Maroondah Hwy,-37.81508016,145.22988517
21008,Blackburn Station/South Pde,-37.82045383,145.15087875
21009,Blackburn Station/South Pde,-37.82041289,145.15114107
21010,Blackburn Station/South Pde,-37.82047229,145.15033298
21011,Glen Waverley Station/Railway Pde,-37.87922907,145.16233726
21012,Glen Waverley Station/Railway Pde,-37.87929479,145.16250617
21013,Glen Waverley Station/Railway Pde,-37.87937271,145.16287944
21014,Glen Waverley Station/Railway Pde,-37.87932466,145.16268735
21015,Glen Waverley Station/Railway Pde,-37.87941052,145.1629922
21016,Glen Waverley Station/Railway Pde,-37.87948965,145.16286517
21017,Glen Waverley Station/Railway Pde,-37.87941332,145.16259419
21018,Glen Waverley Station/Railway Pde,-37.87935661,145.16242505
21019,Glen Waverley Station/Railway Pde,-37.87926315,145.16221135
21020,Glen Waverley Station/Railway Pde,-37.87927003,145.16207474
21021,The Glen SC/Snedden Dr,-37.8766206,145.16381189
21022,The Glen SC/Snedden Dr,-37.87568939,145.16419883
21044,Springvale Rd/Springfield Rd,-37.8131779,145.17609696
21045,Ardmore St/Springfield Rd,-37.80844098,145.18682277
21048,Mitcham Station/Colombo St,-37.81805823,145.19218817
21158,Doncaster East Rd/Burnett St,-37.81235963,145.19551921
21159,Glen Iris Station/Wills St,-37.85955894,145.05866162
21182,Glen Waverley Station/Railway Pde,-37.87925818,145.16189311
21199,Forest Hill SC/Canterbury Rd,-37.83455948,145.16540067
21200,Forest Hill SC/Canterbury Rd,-37.83455361,145.16444633
21238,Auburn Station/Auburn Rd,-37.82254838,145.0451126
21239,Auburn Station/Auburn Rd,-37.82232168,145.0450277
21254,Simpsons Rd/Whitehorse Rd,-37.81913995,145.13329137
21256,Ringwood Station/Maroondah Hwy,-37.81508546,145.23023721
21257,Ringwood Station/Maroondah Hwy,-37.81518182,145.23005314
21260,Ringwood Station/Maroondah Hwy,-37.81525744,145.22968782
21261,Ringwood Station/Maroondah Hwy,-37.81533818,145.22966317
21269,Ringwood Station/Maroondah Hwy,-37.81540683,145.22943433
21270,Ringwood Station/Maroondah Hwy,-37.81547617,145.22925091
2128,Fifth Ave/Hemmings St,-37.98290386,145.20389671
2129,Benga Ave/Hemmings St,-37.98249184,145.20052518
2130,Potter St/Hemmings St,-37.98306902,145.20527038
21306,Ingram Ave/Springvale Rd,-37.88385164,145.16519006
21307,Wilson Rd/Springvale Rd,-37.8856489,145.16486118
21309,Waverley Gardens SC/Hansworth St,-37.93566282,145.18797941
21310,Waverley Gardens SC/Hansworth St,-37.93548335,145.18802933
21311,Waverley Gardens SC/Hansworth St,-37.93529453,145.18805672
21312,Waverley Gardens SC/Hansworth St,-37.93512389,145.18809505
21313,Waverley Gardens SC/Hansworth St,-37.93493559,145.18815656
21314,Stud Park SC,-37.91938311,145.23693204
21316,Stud Park SC,-37.91947441,145.23761242
21318,Ringwood Station/Maroondah Hwy,-37.81519233,145.22955305
21319,Fairview Ave/Argus St,-37.95903649,145.06502536
21320,Chesterville Rd/Argus St,-37.95818308,145.05753577
21323,Nunawading Station/Springvale Rd ,-37.82037507,145.17587437
21324,Taylors Lane/Turramurra Dr,-37.91950264,145.24492659
21326,Dandenong Station/Foster St,-37.98960117,145.20990509
21327,Gladeswood Dr/Jacksons Rd,-37.93361939,145.19340011
21331,Stirling Cres/Gallaghers Rd,-37.88858872,145.17658018
21332,Lansell Rd/Gallaghers Rd,-37.88858625,145.17642104
2134,Cobain St/Bundeena Ave,-37.98919057,145.17266882
2135,Burraneer Dr/Bundeena Ave,-37.98579498,145.17336792
2136,Wahroonga Ave/Buckley St,-37.98373136,145.17337355
2137,Narrabeen Ct/Buckley St,-37.98138793,145.17219063
2138,Rutherglen St/Buckley St,-37.97822512,145.17221218
2139,Maureen Cres/Buckley St,-37.97586989,145.17258938
21441,Camberwell Central/Station St,-37.82946547,145.05848487
2145,Agnes St/Buckley St,-37.97250944,145.17323054
2146,Noble Park PS/Buckley St,-37.96967993,145.17382433
2156,Hilton St/Plunkett Rd,-37.99828319,145.22440763
2157,Fowler Rd/South Gippsland Hwy,-38.0051736,145.22774934
2158,105 South Gippsland Hwy,-38.00891327,145.22952724
2159,Hallam Valley Rd/South Gippsland Hwy,-38.01331585,145.23164248
2160,Waterview Cl/South Gippsland Hwy,-38.02060595,145.23881493
2161,Pound Rd/South Gippsland Hwy,-38.02481671,145.24317993
21611,Monash University,-37.91391545,145.13197876
21668,Erowal St/Reserve Rd,-37.97170712,145.03568658
21669,Morey Rd/Weatherall Rd,-37.9706811,145.04008527
21671,Kooyong Rd/Gardenvale Rd,-37.89828709,145.01197244
21672,Beaumaris Concourse SC/Reserve Rd,-37.98596378,145.03300642
21673,Shafton St/North Rd,-37.9119092,145.10738041
2180,Doveton Pool In The Park/Tristania St,-37.98849759,145.24309014
2181,Pittosporum Gr/Power Rd,-37.98895371,145.23924189
2182,Photinia St/Power Rd,-37.99108364,145.23884935
2183,Box St/Power Rd,-37.99318621,145.23843467
2184,Brentford Ct/Heyington Cres,-37.95997321,145.19888956
2185,Lawrence Cres/Heyington Cres,-37.95654085,145.19955387
2186,Coolavin Rd/Halton Rd,-37.9553228,145.19769427
2187,Halton Rd/Bakers Rd,-37.95458364,145.19650591
2188,Frognal Dr/Bakers Rd,-37.95151523,145.19680857
2189,Hennessy Way/Bakers Rd,-37.94858578,145.19735817
2190,Eagle Dr/Bakers Rd,-37.946465,145.19775141
2191,Alpine Cres/Bakers Rd,-37.94371554,145.19828516
2192,Bakers Rd/Manning Dr,-37.94146737,145.19801006
2193,Omeo St/Manning Dr,-37.94123633,145.19528465
2194,Hansworth St/Albany Dr,-37.93020819,145.17267383
2195,Albany Rise Primary School/Albany Dr,-37.92876189,145.17297132
2196,Glengariff Dr/Albany Dr,-37.92555048,145.17392684
2197,Mansfield Ave/Albany Dr,-37.92349143,145.17132702
2198,Wanda St/Valewood Dr,-37.92382037,145.16698436
21984,Dandenong Rd/Darling Rd,-37.88300859,145.05817105
21985,Dandenong Rd/Darling Rd,-37.88342427,145.05823972
21986,Washington Lane/Darling Rd,-37.88091444,145.0585103
21987,Washington Lane/Darling Rd,-37.88112406,145.05865261
21988,Silverton St/Darling Rd,-37.8791457,145.05890921
21989,Livingstone Rd/Darling Rd,-37.8791562,145.05899989
2199,Dirigo Dr/Lum Rd,-37.91620314,145.17786644
21990,Waverley Rd/Darling Rd,-37.87803078,145.05906354
21991,Waverley Rd/Darling Rd,-37.87713523,145.05940539
21992,Olive St/Darling Rd,-37.87536499,145.05971334
21993,Manning Rd/Darling Rd,-37.87466181,145.05969768
21994,Summerhill Ave/Darling Rd,-37.87351235,145.05994384
21995,Hilda St/Darling Rd,-37.87364953,145.0600653
21996,Ailsa Ave/Darling Rd,-37.87182542,145.060386
21997,Paxton St/Darling Rd,-37.87182336,145.060261
21998,Malvern Rd/Darling Rd,-37.87000882,145.06061553
21999,Malvern Rd/Darling Rd,-37.87002908,145.06075142
2200,Brahmin Ave/Lum Rd,-37.91347144,145.17837747
22000,Moira St/Malvern Rd,-37.86861073,145.05999284
22001,Moira St/Malvern Rd,-37.86797437,145.05965713
22002,Ferncroft Ave/Wattletree Rd,-37.86598311,145.05694704
22003,Ferncroft Ave/Wattletree Rd,-37.86587708,145.05707487
22004,Tollington Ave/Wattletree Rd,-37.86555709,145.05352524
22005,Willoby Ave/Wattletree Rd,-37.8654794,145.0537319
22006,Harold Ave/Wattletree Rd,-37.86529542,145.05132684
22007,Harold Ave/Wattletree Rd,-37.86518883,145.05142059
22008,Central Park/Burke Rd,-37.86566205,145.05006675
22009,Brunel St/Burke Rd,-37.86898838,145.04958118
2201,St Matthews Anglican Church/Earlwood Dr,-37.9106306,145.1782428
22010,Central Park Rd/Burke Rd,-37.86906681,145.04941996
22011,Grant St/Burke Rd,-37.87180912,145.04904068
22012,Coppin St/Burke Rd,-37.87170797,145.0489183
22013,Waverley Rd/Burke Rd,-37.87589696,145.0482848
2202,Cintra Ave/Earlwood Dr,-37.91029828,145.17540734
22020,Brady Rd/Stud Rd,-37.95508027,145.22619964
22022,Caulfield Railway Station/Sir John Monash Dr,-37.87734375,145.04315316
22023,Waverley Rd/Burke Rd,-37.87636065,145.04798833
2203,Fuchsia Ct/Cootamundra Dr,-37.90928867,145.17190621
2204,Good Shepherd School/Academy Ave,-37.90725873,145.1648135
2205,Regina St/Academy Ave,-37.90799142,145.16903789
2207,Hammond Rd/Dalgety St,-37.99441741,145.20897948
2208,Francis St/Dalgety St,-37.99408489,145.20608373
2209,Noon St/Morwell Ave,-37.99587454,145.20407003
2210,Kirkham Rd/Morwell Ave,-37.99786937,145.20369112
2211,Canberra Ave/Kirkham Rd,-37.99868672,145.20764569
2212,Gretana St/Hammond Rd,-38.00127217,145.20817495
2213,Dalgety St/Hammond Rd,-37.99509098,145.20941861
2214,Union Rd/Hammond Rd,-38.00888186,145.20664569
2215,Greens Rd/Hammond Rd,-38.0148021,145.20543067
2216,226 Hammond Rd,-38.01776793,145.20490268
2217,Brooks Dr/Hammond Rd,-38.02154016,145.20407016
2218,Quality Dr/Hammond Rd,-38.02657183,145.20309285
2219,Mickle St/Hammond Rd,-38.02957263,145.20249545
2220,Superior Dr/Hammond Rd,-38.03166618,145.20209108
2223,Dandenong Market/Cleeland St,-37.98352882,145.21475507
2224,Cleeland Street Medical Centre/Cleeland St,-37.98125485,145.21515174
2225,Ann St/Cleeland St,-37.97934987,145.21551669
2226,Dandenong Hospital/Cleeland St,-37.97737282,145.21588335
2227,Chisholm Institute/Cleeland St,-37.97458759,145.21644033
22298,Heath St/Main St,-37.82721043,145.14900584
22299,The Avenue/Main St,-37.82331834,145.14964842
22300,Linum St/Main St,-37.82464802,145.14938798
22302,Bentleigh Station/Centre Rd,-37.91828258,145.03710883
22321,Springvale Rd/Wells Rd,-38.02857625,145.13166753
22322,Eighth Ave/Wells Rd,-38.03867568,145.13717644
22323,Edithvale Recreation Reserve/Edithvale Rd ,-38.03496596,145.11982652
22324,Landridge St/Springvale Rd,-37.87223345,145.16738828
22326,Harris Cres/Springvale Rd,-37.89295662,145.16364489
22327,Whites Lane/Springvale Rd,-37.89668713,145.16304042
22328,Oleander St/Springvale Rd,-37.89898654,145.16255108
22329,Brandon Park Shopping Centre/Springvale Rd,-37.90516674,145.16127136
22330,Seaview Cres/Springvale Rd,-37.92923982,145.15681481
22331,Ferntree Gully Rd/Springvale Rd,-37.90187837,145.1619105
22332,Munro Ave/Elsie Gr,-38.04301541,145.11826463
22334,Spring Rd/Springvale Rd,-37.98653423,145.14517976
22336,Fairview St/Springvale Rd,-37.93540536,145.15518162
22337,Ferntree Gully Rd/Springvale Rd,-37.90285193,145.16135172
22339,Brandon Park Shopping Centre/Springvale Rd,-37.90460413,145.16102377
22371,Attenborough Rd/Station St,-38.01283838,145.09217821
22373,Pine Cres/Station St,-38.01480624,145.09349406
22374,Ruvina St/Station St,-38.01575174,145.09400492
22375,Eulinga Ave/Station St,-38.01733649,145.09559278
22376,Eulinga Ave/Station St,-38.01743447,145.0955219
22377,Lyle Gr/Station St,-38.01986339,145.09748669
22378,Lyle Gr/Station St,-38.01971484,145.09721714
22379,School Lane/Station St,-38.02179628,145.09887205
22380,School Lane/Station St,-38.02162126,145.09863735
22381,Laura St/Station St,-38.02375765,145.10034789
22382,Laura St/Station St,-38.02346387,145.10001372
22383,Aspendale Station/Station St,-38.02629661,145.10187725
22384,Aspendale Station/Station St,-38.02680399,145.10204643
22385,Ross St/Station St,-38.0282436,145.10302323
22386,Second Ave/Station St,-38.03059098,145.1044096
22387,First Ave/Station St,-38.03070661,145.10431547
22390,Lochiel Ave/Station St,-38.03382073,145.10630882
22391,Fifth Ave/Station St,-38.03380897,145.10613822
22392,Rae Ave/Station St,-38.03622285,145.10773956
22393,Rae Ave/Station St,-38.03490074,145.10678233
22396,Fraser Ave/Station St,-38.04038934,145.1101733
22397,Fraser Ave/Station St,-38.04033255,145.11000385
22398,Northcliffe Rd/Station St,-38.04322783,145.11184377
22399,Northcliffe Rd/Station St,-38.04313445,145.11164106
22400,Elsie Gr/Station St,-38.04516573,145.1129905
22401,Elsie Gr/Station St,-38.0448446,145.11263409
22402,Swanpool Ave/Station St,-38.04697495,145.11398105
22403,Swanpool Ave/Station,-38.04685473,145.1137904
22436,Ross St/Huntingdale Rd,-37.90682315,145.10437153
22437,Edward St/Huntingdale Rd,-37.90682114,145.10424646
22438,Hargreaves St/Huntingdale Rd,-37.90831465,145.10409439
22439,Croft St/Huntingdale Rd,-37.90850052,145.10388488
22441,Ferntree Gully Rd/Gardiner Rd,-37.9011528,145.12902605
22442,Ferntree Gully Rd/Gardiner Rd,-37.90097228,145.12900788
22444,Normanby Rd/Gardiner Rd,-37.90542141,145.12826963
22445,Hilltop Ave/Gardiner Rd,-37.90540878,145.12804248
22446,Monash University/Research Way,-37.90763566,145.13377547
22447,Monash University/Research Way,-37.9078007,145.13395328
22448,Mitcham Rd/Whitehorse Rd,-37.81632344,145.19307114
22453,Mt Waverley Station/Miller Cres,-37.87499525,145.12757341
22520,Mont Albert Rd/Rochester Rd,-37.81897029,145.08235542
22521,Winson Green Rd/Rochester Rd,-37.820848,145.08200008
22522,Canterbury Station/Rochester Rd,-37.82384875,145.08143387
22552,Riddell Pde/Glen Huntly Rd ,-37.88449511,145.00215559
22553,Booran Rd/Eumeralla Rd,-37.8986841,145.0350708
22556,Warrigal Rd/Kangaroo Rd,-37.90096505,145.08652971
22558,Walsh St/Grange Rd,-37.9023894,145.0443551
22634,Rossmith Ave/Charman Rd,-37.97861473,145.05330845
22635,Mentone Girls Secondary College/Charman Rd,-37.98021189,145.05289053
22636,Mentone Girls Secondary College/Charman Rd ,-37.98022335,145.05303824
22637,Jetty Rd/Beach Rd,-37.94614081,145.00090798
22682,Haverbrack Dr/Police Rd,-37.93799264,145.19767391
22683,Monash Fwy/Police Rd,-37.93767302,145.1944615
22686,Columbia Dr/Brandon Park Dr,-37.91887348,145.18154322
22714,Wellington Rd/Jacksons Rd,-37.92465298,145.19518957
22715,Stirling Theological College/Jacksons Rd,-37.92708766,145.19469771
22716,Carboni Ct/Jacksons Rd,-37.93036756,145.19408273
22726,Essex St/Stud Rd,-37.95310883,145.22694132
22732,Evesham St/Nepean Hwy,-37.96996847,145.06124358
22734,Fifth St/Como Pde East,-37.98922749,145.07227131
22735,Eighth St/Como Pde East,-37.99181767,145.07525523
22737,Bethell Ave/Como Pde East,-37.99214512,145.07544025
22738,Fifth St/Como Pde East,-37.9897302,145.07270223
22739,Third St/Como Pde East,-37.98812229,145.07082
22740,Nepean Hwy/Parkers Rd,-37.99115766,145.08063573
22741,Governor Rd/Boundary Rd,-38.00927109,145.1033985
22742,Thames Prom/Third Ave,-38.04529126,145.13439922
22743,Ninth Ave/Third Ave,-38.04356526,145.13353142
22744,Narelle Dr/Wells Rd,-38.01903941,145.11795538
22746,Ninth Ave/Third Ave,-38.04354779,145.13356605
22747,Thames Prom/Third Ave,-38.04503939,145.13442841
22753,Radcliffe Ave/Chesterville Rd,-37.96023926,145.05653688
22754,Alison St/Nepean Hwy,-37.94392218,145.04259446
22755,Wakool Ave/Charman Rd,-37.98284417,145.05239969
22770,Cathies Lane/High Street Rd,-37.87682437,145.21573118
22771,Blind Creek Lane/High Street Rd,-37.87693868,145.21792274
22772,Syndal Station/Coleman Pde,-37.87669173,145.14993947
22774,Syndal Station/Coleman Pde,-37.87675336,145.14984697
22785,Bando Rd/Osborne Ave,-37.94620901,145.14191536
22786,711 Clayton Rd,-37.95496287,145.11382171
22806,Pine St/Chesterville Rd,-37.96202654,145.05617105
22835,Canterbury Rd/Boundary Rd,-38.00914148,145.10374353
22847,Andrew St/Ringwood St,-37.80892112,145.22723792
22884,Brandon Park Reserve/Ferntree Gully Rd,-37.90403301,145.16484815
22968,Burlington St/Huntingdale Rd,-37.90407437,145.10491975
22969,Monash University,-37.91425704,145.13192462
22971,Burlington St/Huntingdale Rd,-37.90436889,145.10474159
23003,Jayco Dr/Frankston-Dandenong Rd,-38.04886331,145.20875879
23015,Jayco Dr/Frankston-Dandenong Rd,-38.04804926,145.2085621
23016,Greens Rd/Frankston-Dandenong Rd,-38.0131344,145.21546085
2303,Oasis Pool/Cleeland St,-37.9709481,145.21712038
23037,Virgilia Ct/Liberty Ave,-37.92842985,145.24347419
23038,Fowler Rd/Shearer Dr,-37.93724433,145.24292301
23042,Brandon Park SC/Brandon Park Dr,-37.90559542,145.16333073
23180,Koombahla Ct/Liviana Dr,-37.93610135,145.24604523
23181,Koombahla Ct/Liviana Dr,-37.9361175,145.24591968
23207,Sandown Greyhounds/View Rd,-37.95664737,145.15755259
23208,Chandler Rd/Heatherton Rd,-37.96648525,145.18634541
23209,Blackwood Ave/Lower Dandenong Rd ,-37.98307279,145.08055039
23211,Keys Rd/Herald St,-37.94975112,145.0741572
23212,Bernard St/Herald St,-37.95388002,145.07315026
23216,Stud Rd/Glenifer Ave,-37.89643422,145.2336358
23217,Rosehill St/Glenifer Ave,-37.89646392,145.23621666
23219,Roberts St/Springvale Rd,-37.89036734,145.164039
23229,Koornang Rd/Dandenong Rd,-37.88408373,145.05724455
23242,The Glen Shopping Centre/Springvale Rd,-37.87769095,145.16599101
23246,Roseberry Gr/Neerim Rd,-37.8864191,145.0399338
23248,Hend St/Huntingdale Rd,-37.88474763,145.10850812
23249,Hudson St/Kambrook Rd,-37.87982403,145.03516284
23250,Liddiard Rd/Auburn Rd,-37.82048448,145.0456442
23251,Downton Gr/Normanby Rd,-37.80707754,145.05397141
23252,Eaton St/Portman St,-37.90014137,145.09019037
23261,Heatherdale Station/Heatherdale Rd,-37.81853566,145.21343207
23262,Vermont Sec Col/Morack Rd,-37.84353049,145.1995214
23263,Swan Ct/Westlands Rd,-37.87413861,145.17865325
23264,Blackburn Rd/Normanby Rd,-37.90653348,145.14100303
23265,Raheen Ave/Templeton St,-37.8639031,145.22539833
23266,Canterbury Rd/Main St,-37.83146536,145.14851319
23268,Victoria St/Bluff Rd,-37.95703321,145.01992714
23269,Wat Buddharangsi Buddhist Temple/Clarke Rd,-37.97381691,145.14392889
23270,Walnut Cres/Henderson Rd,-37.98140901,145.16082732
23271,Corrigan Rd/Henderson Rd,-37.98186299,145.16450493
23272,Blackburn English Language School/Bonview Cres,-37.84864532,145.14814037
23277,Mornington Peninsula Freeway/Springvale Rd,-38.02609478,145.13259639
2328,Nicole Ave/Boyd St,-37.96920044,145.21716266
2329,Avril St/Boyd St,-37.96706209,145.21759004
2330,Philip St/Boyd St,-37.96502712,145.2159204
2331,McFees Rd/Scullin St,-37.96411978,145.21373406
2332,Downard Cres/Devira St,-37.96217751,145.21520396
23323,Power Rd/Princes Hwy,-38.00191017,145.23606204
2333,Wooranna Park Primary School/Carlton Rd,-37.96028999,145.2161261
2334,Adelong Ct/Loch Rd,-37.96009698,145.22242521
2335,Fletcher Rd/Loch Rd,-37.95782178,145.22095488
2336,Pamir St/Loch Rd,-37.9558548,145.21663176
2337,Exner Dr/Brady Rd,-37.95426302,145.21388181
2338,Central Ave/Brady Rd,-37.9537162,145.20933113
23381,Moriah St/Centre Rd,-37.92964596,145.12831533
23386,Coombs Ave/Legon Rd,-37.91921514,145.10721589
23388,Oakleigh Station/Haughton Rd,-37.90062252,145.08818766
2339,Park Rd/Gladstone Rd,-37.95026938,145.20845883
23409,Chesterville Rd/Argus St,-37.95807818,145.05773202
2341,Fillmore Rd/Gladstone Rd,-37.94073588,145.21030623
23411,Nelson St/Bay Rd,-37.95254761,145.00884884
23417,Eighth Ave/Wells Rd,-38.04008005,145.13765361
2342,Blaxland Dr/Police Rd,-37.93873023,145.2052457
2343,Blackmore St/Police Rd,-37.93842466,145.20175979
2344,Jolimont Ave/Haverbrack Dr,-37.93706438,145.19943753
2345,Dunrossil Cl/Haverbrack Dr,-37.9361569,145.20138266
2346,Addison Ct/Haverbrack Dr,-37.9342909,145.20488716
2347,Gladeswood Dr/Haverbrack Dr,-37.93243772,145.20451125
2348,Odessa Ct/Haverbrack Dr,-37.92982209,145.20377845
2349,Everton Cl/Haverbrack Dr,-37.92688884,145.2017223
2350,Holmbury Bvd/Haverbrack Dr,-37.92487419,145.20139594
2351,Haverbrack Dr/Wellington Rd,-37.92399567,145.20111018
23517,Agra St/Mitcham Rd,-37.82099696,145.19400238
23518,Eton St/Stephensons Rd,-37.86058213,145.13191663
2352,Jacksons Rd/Wellington Rd,-37.9231951,145.19473602
2353,Waverley Park/Wellington Rd,-37.9223976,145.18799789
23531,Rings Rd/Chesterville Rd,-37.94645946,145.05921017
23532,Independence St/Chesterville Rd,-37.94485101,145.05949146
2355,Mulgrave Country Club/Wellington Rd,-37.92200174,145.18511799
2356,Brandon Park Dr/Wellington Rd,-37.9214611,145.18045561
2357,Elvara Ct/Wellington Rd,-37.9200272,145.16877357
2358,Wanda St/Wellington Rd,-37.9194324,145.16414692
2359,Springvale Rd/Wellington Rd,-37.91858563,145.15725146
2360,Springvale Rd/Wellington Rd,-37.91892241,145.1597685
23605,Dandenong South PS/Kirkham Rd,-37.99890089,145.21046478
23606,Bryants Rd/Kirkham Rd,-37.9993161,145.21406482
23607,John St/Kirkham Rd,-37.99963649,145.2167675
23608,Amberley Cres/Frankston-Dandenong Rd,-38.00273484,145.21784273
23609,Johnston Ct/Frankston-Dandenong Rd,-38.0072918,145.21704901
2361,Peters Ave/Wellington Rd,-37.91790992,145.15209236
2362,Nantilla Rd/Wellington Rd,-37.91761312,145.14983602
2363,Swift Way/Hammond Rd,-38.03494589,145.20146397
2364,Centre for Nanofabrication/Wellington Rd,-37.91668752,145.1425675
2365,Blackburn Rd/Wellington Rd,-37.91622195,145.13876843
2385,Birdwood Ave/Benga Ave,-37.98029285,145.19992993
2386,Campbell St/Benga Ave,-37.97884649,145.20022712
2387,Rylands Dr/Benga Ave,-37.97670339,145.20092841
2388,Perkin Ct/Gladstone Rd,-37.97411157,145.20411105
2389,St Gerards Catholic School/Gladstone Rd,-37.97065251,145.20479869
2390,Heatherton Rd/Gladstone Rd,-37.96790233,145.20528687
2391,Lyndale Greens PS/Oakwood Ave,-37.96548631,145.20523187
2392,Lilac Ave/Oakwood Ave,-37.96423262,145.20280367
2393,Rose Ave/Oakwood Ave,-37.96328505,145.20094861
2395,Hampstead Rd/Oakwood Ave,-37.96063284,145.1948896
2396,Oakwood Park Primary School/Oakwood Ave,-37.96032379,145.19237029
2397,Coolavin Rd/Elonera Rd,-37.95767136,145.19159306
2398,Halton Rd/Jacksons Rd,-37.95493821,145.19084062
2399,Ford Ct/Jacksons Rd,-37.952458,145.19129981
2400,Silverton Primary School/Jacksons Rd,-37.9498179,145.19191083
2401,Tillbrook Ct/Jacksons Rd,-37.94806265,145.19204491
2402,Eagle Dr/Jacksons Rd,-37.9457514,145.19177153
2403,Ahern St/Jacksons Rd,-37.94382831,145.19212593
2404,Manning Dr/Jacksons Rd,-37.94145619,145.19258234
2405,Police Rd/Jacksons Rd,-37.93853167,145.19227848
2407,Southern Reserve/Police Rd,-37.93550651,145.17611547
2410,Victoria Ave/Windsor Ave,-37.95136584,145.14776041
2411,Princess Ave/Windsor Ave,-37.95091479,145.14430059
2412,St James Ave/Regent Ave,-37.95293269,145.14311169
2413,Heather Gr/Regent Ave,-37.956051,145.14255514
2414,Emerald Dr/Donald St,-37.95779195,145.14209015
2415,Heatherton Rd/Gavan Dr,-37.9606683,145.14105016
2416,816 Heatherton Rd,-37.9615187,145.14468249
2417,Bartley Pl/Spring Rd,-37.96266123,145.14570093
2418,Springfield Rd/Spring Rd,-37.9639232,145.1440073
2419,Spring Valley Reserve/Spring Rd,-37.96666705,145.14028418
2513,Chelsea Heights PS/Thames Prom,-38.0450316,145.13734582
2517,Elsternwick Station/Horne St,-37.88520709,145.00056722
2582,Jones Rd/Hemmings St,-37.98257013,145.2003411
2583,Birdwood Ave/Benga Ave,-37.98081256,145.19973506
2584,Campbell St/Benga Ave,-37.97888997,145.2001236
2585,Rylands Rd/Benga Ave,-37.97664795,145.20083869
2586,Princes Hwy/Gladstone Rd,-37.97478338,145.20384421
2587,St Gerards Catholic School/Gladstone Rd,-37.97056016,145.20465295
2588,Chifley Cres/Gladstone Rd,-37.96787374,145.20518512
2589,Lyndale Greens PS/Oakwood Ave,-37.96553984,145.20519642
2590,Lilac Ave/Oakwood Ave,-37.96422083,145.20262183
2591,Rose Ave/Oakwood Ave,-37.96331917,145.20082257
2592,Irving Rd/Oakwood Ave,-37.96252023,145.19925987
2593,Hampstead Rd/Oakwood Ave,-37.96076245,145.19511408
2594,Oakwood Park Primary School/Oakwood Ave,-37.96039428,145.19226612
2595,Coolavin Rd/Elonera Rd,-37.95776853,145.19146547
2596,Halton Rd/Jacksons Rd,-37.95501666,145.19066797
2597,Lower Terrace Cres/Jacksons Rd,-37.9524015,145.19114186
2598,Silverton Primary School/Jacksons Rd,-37.94968068,145.19177763
2599,W J Turner Reserve/Jacksons Rd,-37.9480058,145.19186421
2600,Eagle Dr/Jacksons Rd,-37.94560517,145.19163856
2601,Ahern St/Jacksons Rd,-37.94397848,145.19192879
2602,Manning Dr/Jacksons Rd,-37.94131896,145.19244915
2603,Police Rd/Jacksons Rd,-37.93858886,145.1924819
2606,Southern Reserve/Police Rd,-37.93561214,145.17595356
2607,Albany Dr/Police Rd,-37.93517217,145.17257367
2608,Wellington Sec Col/Police Rd,-37.93488387,145.17025962
2610,Victoria Ave/Windsor Ave,-37.95143755,145.14773584
2611,Princess Ave/Windsor Ave,-37.95102396,145.14436612
2612,St James Ave/Regent Ave,-37.95291719,145.14327142
2613,Heather St/Regent Ave,-37.9559092,145.14270667
2614,Bournemouth Ave/Donald St,-37.95844072,145.14208518
2615,Heatherton Rd/Gavan Dr,-37.96065208,145.1411644
2616,821 Heatherton Rd,-37.96140015,145.14459441
2617,Bartley Pl/Spring Rd,-37.96284158,145.14570778
2618,Springfield Cl/Spring Rd,-37.96403292,145.14410698
2634,Whitehorse Rd/Dorking Rd,-37.81832271,145.13063091
2635,45 Dorking Rd,-37.81583496,145.13117078
2636,Medway St/Dorking Rd,-37.81251916,145.13177693
2637,Tyne St/Dorking Rd,-37.81086576,145.13207987
2638,Wimmera St/Dorking Rd,-37.80879004,145.13246158
2639,Trawool St/Dorking Rd,-37.80637363,145.13295408
2640,Alan St/Dorking Rd,-37.80431592,145.13333529
2641,Woodhouse Gr/Dorking Rd,-37.8027798,145.13364656
2642,Greens Rd/Hammond Rd,-38.01416771,145.20578786
2643,351 Hammond Rd,-38.01830843,145.20488949
2644,Brooks Dr/Hammond Rd,-38.02199215,145.20416165
2645,Quality Dr/Hammond Rd,-38.02660995,145.20322863
2646,Mickle St/Hammond Rd,-38.029512,145.20265643
2647,Superior Dr/Hammond Rd,-38.03160574,145.20226346
2648,Swift Way/Hammond Rd,-38.0348941,145.20161336
2669,Dorking Rd/Roselea St,-37.80218469,145.13419536
2677,Second Ave/Heathfield Rise,-37.80281942,145.13842729
2693,Middleborough Rd/Katrina St,-37.80324143,145.14232387
27780,Cornelius St/Heatherton Rd,-37.97144852,145.22637494
27781,Ingrid St/Heatherton Rd,-37.97092171,145.22192508
27782,Dandenong Oasis/Heatherton Rd,-37.97054884,145.2187238
27783,Simpson Dr/Heatherton Rd,-37.97044367,145.21891987
27784,Ingrid St/Heatherton Rd,-37.97073328,145.22138319
27785,Khalil Ave/Heatherton Rd,-37.97124595,145.22668719
27830,Aonach St/Centre Rd,-37.93014342,145.13239865
27831,Rayhur St/First St,-37.93429248,145.13433035
27832,Kombi Rd/Rayhur St,-37.93499332,145.13476776
27833,Westall Station/Rayhur St,-37.93703838,145.13757211
27965,Yarrinup Ave/Power Ave,-37.87764245,145.10378965
27966,Coolac St/Power Ave,-37.87923325,145.10576129
27967,Nyrang St/Power Ave,-37.88136813,145.10626373
27968,Coolac St/Power Ave,-37.8793408,145.10572443
27969,Yarrinup Ave/Power Ave,-37.87763952,145.10360782
2797,Black St/Embankment Gr,-38.04879603,145.11571207
28060,Charter St/New St,-37.81521635,145.22038491
28061,Churchill St/Bond St,-37.81392711,145.22333535
2807,Caroline Cres/Katrina St,-37.80348031,145.14432827
2808,Morrie Cres/Katrina St,-37.80375189,145.14669533
2809,Lantana St/Katrina St,-37.80421519,145.15094309
2810,Charlton St/Koonung Rd,-37.80485279,145.15309664
2811,Mitchell St/Koonung Rd,-37.80646193,145.15284074
2812,Merle St/Koonung Rd,-37.80781919,145.15261382
28170,Palmyra St/Church Rd,-38.00184603,145.17285581
28171,Cherryfield Dr/Church Rd,-38.00150661,145.17015373
28172,Linden Dr/Church Rd,-38.00146302,145.17082674
28173,Arcare Keysborough Aged Care/Church Rd,-38.00124595,145.16788248
28174,Stanley Rd/Church Rd,-38.00104879,145.1673749
28175,Matilda Dr/Church Rd,-38.00091401,145.16508915
28176,Tulip Way/Church Rd,-38.00069935,145.16461618
28177,Chapel Rd/Church Rd,-38.00055391,145.16222822
28178,Church Rd/Chapel Rd,-38.00084898,145.16150337
28179,Westwood Bvd/Chapel Rd,-38.00360087,145.16113852
28180,Westwood Bvd/Chapel Rd,-38.00346343,145.1609939
28181,Chi Ave/Chapel Rd,-38.00581967,145.16068446
28182,Flavia Rd/Church Rd,-38.00555683,145.16058853
28183,Homeleigh Rd/Chapel Rd,-38.00864024,145.16010143
28184,Homeleigh Rd/Chapel Rd,-38.00844928,145.15999231
28185,Keysborough South Shopping Centre/Braeside-Dandenong Rd,-38.01273585,145.16037491
28186,Hutton Rd/Chapel Rd,-38.01180784,145.15923631
28187,Mount Hira College/Perry Rd,-38.01505631,145.17569445
28188,Hutton Rd/Perry Rd,-38.0106001,145.17135139
28189,Somerfield Dr/Perry Rd,-38.00975193,145.17186224
2821,Koonung Rd/Springfield Rd,-37.81039758,145.15267451
2825,Ramona Ave/Waverley Rd,-37.87904117,145.07669402
2834,Centre for Nanofabrication/Wellington Rd,-37.91634072,145.14229183
2835,Henderson Rd/Wellington Rd,-37.91681214,145.1458974
2837,227-243 Wellington Rd,-37.91763513,145.15238363
2838,Springvale Rd/Wellington Rd,-37.91820727,145.1572609
2839,Enterprise Ct/Wellington Rd,-37.91874734,145.16125173
2840,Wanda St/Wellington Rd,-37.91936736,145.16633272
2841,Lea Rd/Wellington Rd,-37.91973825,145.16989559
2842,Brandon Park Dr/Wellington Rd,-37.92121814,145.18164474
2843,Mulgrave Country Club/Wellington Rd,-37.92161051,145.18487733
28430,Warrigal Rd/Burwood Hwy,-37.85046609,145.09730327
28431,Scott Gr/Burwood Hwy ,-37.85076003,145.09820494
28432,Somers St/Burwood Hwy ,-37.85058387,145.0995733
28433,Millicent St/Burwood Hwy ,-37.85060731,145.10158435
28434,Roslyn St/Burwood Hwy ,-37.85030851,145.10261489
28435,Cromwell St/Burwood Hwy ,-37.85017061,145.10524379
28437,McIntyre St/Burwood Hwy ,-37.84972839,145.10800548
2844,Waverley Park/Wellington Rd,-37.92227307,145.18927511
2845,Junction Rd/Marchiori Rd,-37.80742924,145.16456158
2846,Jacksons Rd/Wellington Rd,-37.92277436,145.19374517
2847,Holmbury Bvd/Haverbrack Dr,-37.92463305,145.20153834
2848,Everton Cl/Haverbrack Dr,-37.92719186,145.20209037
28487,Our Holy Redeemer School/Mont Albert Rd ,-37.82058848,145.09989984
28488,Union Station/Mont Albert Rd ,-37.82103035,145.10383069
28489,Union Station/Mont Albert Rd ,-37.82109382,145.10329511
2849,Glen St/Marchiori Rd,-37.8097121,145.16416429
2850,Aboyne Cl/Haverbrack Dr,-37.93279686,145.20501453
2851,Addison Ct/Haverbrack Dr,-37.93428397,145.20502387
2852,Dunrossil Cl/Haverbrack Dr,-37.93617287,145.20183742
2853,Jolimont Ave/Haverbrack Dr,-37.93712139,145.19962958
2854,Blackmore St/Police Rd,-37.93830946,145.20188776
2855,Blaxland Dr/Police Rd,-37.93851728,145.20428366
2856,Fillmore Rd/Gladstone Rd,-37.94143889,145.21031194
2857,Murray Rd/Gladstone Rd,-37.94433221,145.20975241
2858,Park Rd/Gladstone Rd,-37.95046029,145.208568
2859,Gladstone Rd/Brady Rd,-37.95354798,145.20893687
2860,Exner Dr/Brady Rd,-37.95415768,145.21406646
2861,Brott Ct/Loch Rd,-37.95603976,145.21753783
2862,Fletcher Rd/Loch Rd,-37.95777863,145.22108112
2863,Thredbo Ct/Loch Rd,-37.95938042,145.22271566
2865,Wooranna Park Primary School/Carlton Rd,-37.96041594,145.21611167
2866,Downard Cres/Devira St,-37.96166626,145.21536431
2867,Boyd St/Scullin St,-37.96448082,145.21377085
2868,Philip St/Boyd St,-37.96499264,145.21602368
2869,Avril St/Boyd St,-37.96707075,145.21756706
28696,Burnley Station/Burnley St ,-37.82826471,145.00711581
2870,Nicole Ave/Boyd St,-37.96920354,145.21736749
28703,Toorak Rd/Williams Rd ,-37.84084677,145.00454991
28704,Toorak Rd/Williams Rd ,-37.84117335,145.00467747
28707,Hawksburn Station/Williams Rd ,-37.84469049,145.00376445
28708,Hawksburn Station/Williams Rd ,-37.84437985,145.00404557
2871,Oasis Pool/Cleeland St,-37.97104008,145.21724338
2872,Chisholm Institute/Cleeland St,-37.97422083,145.21661997
2873,Dandenong Hospital/Cleeland St,-37.97748265,145.21599454
2874,Ann St/Cleeland St,-37.97937013,145.2156642
2875,Herbert St/Cleeland St,-37.98158071,145.21524632
2876,Dandenong Market/Cleeland St,-37.98430338,145.21472491
2879,Lower Dandenong Rd/Howard Rd,-37.98741953,145.12034641
2880,Plaza Cres/Howard Rd,-37.9837274,145.12107824
2881,Timms Cres/Howard Rd,-37.98120305,145.12157527
2882,Earlwood St/Howard Rd,-37.97890298,145.12200963
2883,Centre Dandenong Rd/Howard Rd,-37.97660345,145.12247809
2884,Howard Rd/Centre Dandenong Rd,-37.97620554,145.12295501
2885,Sharrock Dr/Centre Dandenong Rd,-37.97921192,145.12612318
2886,Shelford Gr/Centre Dandenong Rd,-37.98104133,145.12838789
2887,Marjorie Ave/Centre Dandenong Rd,-37.98253056,145.13079797
2888,Dingley Village Shopping Centre/Centre Dandenong Rd,-37.98371326,145.13263525
2889,Jannali Dr/Centre Dandenong Rd,-37.98520312,145.13509103
2890,Emery Dr/Centre Dandenong Rd,-37.9861564,145.13667235
2891,Golf Links Cres/Centre Dandenong Rd,-37.98792382,145.13958814
2892,Keysborough Ave/Springvale Rd,-37.98856251,145.14521977
2893,Southpark Cl/Springvale Rd,-37.98644089,145.14554647
2894,Coomoora Rd/Springvale Rd,-37.98130184,145.14654115
2895,Paterson Rd/Springvale Rd,-37.9794328,145.14688419
2896,Harold Rd/Springvale Rd,-37.97572317,145.14766057
2897,Mackay St/Springvale Rd,-37.9718784,145.14844027
290,Paxton Dr/Remington Dr,-37.88705798,145.1795744
2905,Gunyah Rd/Springfield Rd,-37.81174046,145.16478425
2907,Springvale Railway Station/Lightwood Rd,-37.94992245,145.15339595
2908,Elm Gr/Lightwood Rd,-37.95159801,145.15565294
2909,Lightwood Rd/View Rd,-37.95423038,145.15801133
2910,Neale St/View Rd,-37.9593339,145.15704155
2911,Heatherton Rd/View Rd,-37.9623078,145.15646637
2912,Heatherhill Primary School/Heatherton Rd,-37.96333479,145.15932052
2913,Lawn Rd/Heatherton Rd,-37.96373505,145.16244081
2914,Diggins Ct/Heatherton Rd,-37.96417995,145.16611778
2916,Douglas St/Heatherton Rd,-37.96494152,145.17220013
2917,Noble Park RSL/Heatherton Rd,-37.96535274,145.17546826
2918,Ian St/Heatherton Rd,-37.965624,145.17785201
2919,Ellendale Rd/Heatherton Rd,-37.96623543,145.18300488
2920,Chandler Rd/Heatherton Rd,-37.96657007,145.18600183
2921,Namu St/Heatherton Rd,-37.96695074,145.18906596
2922,South Eastern Private Hospital/Heatherton Rd,-37.96718535,145.19260044
2924,Adelaide St/Heatherton Rd,-37.9684726,145.20132287
29247,Allan Street Park/Allan St ,-37.99164974,145.20418446
29248,Allan Street Park/Allan St ,-37.99199328,145.20425579
2925,Gladstone Rd/Heatherton Rd,-37.9688345,145.20436486
2926,Emerson School/Heatherton Rd,-37.96920759,145.2075546
2927,Menzies Ave/Heatherton Rd,-37.96971466,145.21185674
2928,Woodlee St/Heatherton Rd,-37.97005499,145.21468307
2937,Almer Ave/Springfield Rd,-37.81203037,145.16719664
2940,Kirkham Rd/Hammond Rd,-37.99818175,145.20880819
2941,Dandenong South PS/Kirkham Rd,-37.99898941,145.21036014
2942,Bryants Rd/Kirkham Rd,-37.99938419,145.21380123
2943,John St/Kirkham Rd,-37.99983689,145.2175029
2944,Amberley Cres/Frankston-Dandenong Rd,-38.00320539,145.21737577
2945,Dana Ct/Frankston-Dandenong Rd,-38.00742054,145.21662447
2947,Zenith Rd/Frankston-Dandenong Rd,-38.01937887,145.21422719
2949,Monterey Rd/Frankston-Dandenong Rd,-38.02316123,145.21346323
2950,Quality Dr/Frankston-Dandenong Rd,-38.02590172,145.21292957
2951,Abbotts Rd/Frankston-Dandenong Rd,-38.03087924,145.21194273
2953,Swift Way/Frankston-Dandenong Rd,-38.03499454,145.21114762
2954,Colemans Rd/Frankston-Dandenong Rd,-38.03876803,145.21039492
297,Penhurst Ct/Remington Dr,-37.88737402,145.18136325
2974,Palm Lake Resort Willow Lodge/Frankston-Dandenong Rd ,-38.04343091,145.20946094
299,Molesworth St/Princess St,-37.80187063,145.02970036
3030,Bittern Dr/Heatherton Rd,-37.97348317,145.24546323
3032,Mardion Dr/Springfield Rd,-37.81234513,145.17005146
3041,Jones Ct/Daniel Solander Dr,-37.98087484,145.24740492
3042,Daniel Solander Dr/James Cook Dr,-37.98130662,145.24553878
3043,James Cook Dr/Amalfi Dr,-37.97827258,145.24392603
3044,Delos Ct/Amalfi Dr,-37.97626448,145.24282401
3046,Booran Ave/Springvale Rd,-37.89875778,145.16232932
3047,Koonalda Ave/Springvale Rd,-37.89553228,145.1629554
3048,Vermont St/Springvale Rd,-37.89306011,145.16334665
3049,Central Reserve/Springvale Rd,-37.89020128,145.16379295
3050,St Leonard's Primary School/Springvale Rd ,-37.88685795,145.16437633
3051,Beacon St/Springvale Rd,-37.88532123,145.16465327
3052,Monash Civic Centre/Springvale Rd,-37.88223878,145.16520735
3054,Brandon Park SC/Brandon Park Dr,-37.90530152,145.16355414
3055,Plato Cres/Brandon Park Dr,-37.90927072,145.16380806
3056,Mackellar Ave/Brandon Park Dr,-37.91180293,145.16611107
3057,Drysdale Ct/Brandon Park Dr,-37.91395462,145.16828716
3058,Tudawali Cres/Brandon Park Dr,-37.91649117,145.17087474
3059,Ondine Dr/Brandon Park Dr,-37.91815598,145.17304041
3060,Lum Rd/Brandon Park Dr,-37.91728156,145.17650887
3064,Wellington Rd/Jacksons Rd,-37.92385988,145.19518621
3065,Stirling Theological College/Jacksons Rd,-37.92739081,145.1944855
3066,Gate Seven Dr/Jacksons Rd,-37.92952041,145.1940807
3067,Gladeswood Dr/Jacksons Rd,-37.93339969,145.19317792
3069,Jacksons Rd/Police Rd,-37.93778526,145.19296812
3070,Monash Fwy/Police Rd,-37.93815507,145.19886473
3071,Menzies Reserve/Menzies Ave,-37.96724738,145.21020908
3072,Heatherton Rd/Menzies Ave,-37.96902985,145.21127002
3073,De Villiers Dr/James St,-37.97140135,145.21076848
3074,Charles St/James St,-37.97407931,145.21027084
3075,David St/James St,-37.97677477,145.20973859
3078,Newman Rd/Springfield Rd,-37.81277937,145.17364173
3109,Cleeland St/Clow St,-37.98501141,145.21506072
3110,Clement St/Clow St,-37.98581215,145.22211223
3111,Ross St/Clow St,-37.98610223,145.22461023
3112,Robert Booth Reserve/Clow St,-37.9865206,145.22844876
3113,Betula St/Kidds Rd,-37.98716696,145.23427452
3114,Doveton Baptist Church/Kidds Rd,-37.98763194,145.23823731
3115,Linden Place SC/Power Rd,-37.98540398,145.23990745
3116,Plum St/Power Rd,-37.98272604,145.24041549
3117,Power Reserve/Power Rd,-37.98056958,145.24084272
3118,Amalfi Dr/Power Rd,-37.97644532,145.24165844
3119,Aldridge St/Power Rd,-37.97467521,145.24200807
3120,Essex Park Dr/Power Rd,-37.97156568,145.24258315
3121,Cassia Ct/Power Rd,-37.96795337,145.243284
3122,Power Rd/Kennington Park Dr,-37.96710213,145.24421497
3123,Finchley Ct/Kennington Park Dr,-37.96733455,145.24831888
3133,Glenelg St/Outlook Dr,-37.94040703,145.21179352
3134,Hunter St/Outlook Dr,-37.94080675,145.21497005
3135,Towong St/Outlook Dr,-37.94221598,145.2187595
3136,Kriegel Way/Outlook Dr,-37.94457446,145.2191805
3137,View Ct/Outlook Dr,-37.94615025,145.21731025
3138,Huxley Ave/Outlook Dr,-37.94856688,145.21621621
3139,Outlook Village SC/Outlook Dr,-37.95018173,145.21989868
3140,Oxford Ct/Outlook Dr,-37.95173894,145.22216007
3141,Brady Rd/Outlook Dr,-37.95470564,145.22287387
3142,Stud Rd/Brady Rd,-37.95561297,145.22507142
3144,McFees Rd/Stud Rd,-37.96419201,145.22445508
3145,Judith St/Stud Rd,-37.96715729,145.22388278
3146,Heatherton Rd/Stud Rd,-37.9722552,145.22309963
3148,Stud Rd/David St,-37.9778286,145.22277168
3149,Valley Village Mews Ret Village/David St,-37.97821209,145.2260869
3150,Ann St/Ross St,-37.98031762,145.22646885
3151,King St/Ross St,-37.98373247,145.22582872
3152,Sarona St/Ross St,-37.98544882,145.22550272
3160,Springvale Rd/Springfield Rd,-37.81299407,145.17528359
3161,Stuart Cres/Springfield Rd,-37.81186944,145.1794802
3162,Lemon Gr/Springfield Rd,-37.80966834,145.18400976
3163,Ardmore St/Springfield Rd,-37.8083327,145.18681406
3164,Cresswell Cres/Springfield Rd,-37.80702228,145.18950405
3165,Doncaster East Rd/Burnett St,-37.81225883,145.19599877
3166,Dawe Rd/Burnett St,-37.81205648,145.19985457
3167,Highland Ave/Edgerton Rd,-37.81187549,145.20452772
3168,Trenham Ct/Highland Ave,-37.81046664,145.20551603
3169,Irene Cres/Wattle Valley Rd,-37.81135146,145.20917506
3170,Edgerton Rd/Deep Creek Rd,-37.81298595,145.21057825
3171,Montalbo Rd/Loughnan Rd,-37.8089848,145.21831951
3172,13 Montalbo Rd,-37.80737219,145.21716559
3173,Aurum Cres/Glenvale Rd,-37.80590005,145.21457715
3174,Lookover Rd/Glenvale Rd,-37.80375177,145.21494692
3175,Felix Cres/Kubba Rd,-37.80149414,145.21702298
3176,Werac Dr/Felix Cres,-37.80118848,145.22005153
3177,Box Lane/Felix Cres,-37.801986,145.22392818
3178,Andrew St/Ringwood St,-37.80878821,145.22738876
3180,Loughnan Rd/Evelyn Rd,-37.80506539,145.22613747
3183,Clarke St/Johnston St,-37.80074116,145.00171145
3184,Yarra Bend Park/Studley Park Rd,-37.80187034,145.00718947
3185,Walmer St/Studley Park Rd,-37.80374693,145.01157998
3186,Caritas Christi Hospice/Studley Park Rd,-37.80551891,145.01565549
3187,Carson St/Studley Park Rd,-37.80675357,145.01940479
3188,Thornton St/Studley Park Rd,-37.80684874,145.02292336
3189,Banool Ave/Studley Park Rd,-37.80712581,145.02547163
3191,Kew Junction/Princess St,-37.80722734,145.0288424
3192,Beatrice St/Princess St,-37.80418204,145.02942313
3193,Molesworth St/Princess St,-37.80124464,145.02998958
3210,Loughnan Rd/Ringwood St,-37.80631009,145.22740258
3211,Avalon Gr/Evelyn Rd,-37.80361821,145.22638791
3212,Junction Rd/Springvale Rd,-37.81086687,145.17700577
3215,Barnsley St/Junction Rd,-37.80749199,145.1685924
3287,Belfort St/Railway Pde,-37.98244954,145.19835153
3294,22 Stackpoole St,-37.98041838,145.18231357
3295,Conley St/Nance St,-37.98098834,145.17954421
3297,Isaac Rd/Bloomfield Rd,-37.98417878,145.17665301
3298,Frederick Wachter Reserve/Bloomfield Rd,-37.98668681,145.17624933
3299,Beverley Pl/Bloomfield Rd,-37.98911324,145.17581348
3300,Kingsclere Ave/Bloomfield Rd,-37.99067574,145.17545594
3301,Parkmore Shopping Centre/Kingsclere Ave,-37.99155696,145.17358939
3302,Grayling Cres/Kingsclere Ave,-37.99077671,145.17151353
3303,Balgowlah Ave/Kingsclere Ave,-37.98901615,145.17014529
3306,Parramatta Cres/Kingsclere Ave,-37.98076168,145.1666956
3307,Kingsclere Ave/Corrigan Rd,-37.98075116,145.16544346
3308,Trevor Ct/Corrigan Rd,-37.9830954,145.16494104
3309,Darren Rd/Corrigan Rd,-37.9850537,145.16453928
3310,Putt Gr/Corrigan Rd,-37.98720117,145.16413278
3311,Resurrection Church/Corrigan Rd,-37.98951008,145.16367669
3312,Cheltenham Rd/Corrigan Rd,-37.99204455,145.16323771
3313,Beauvorno Ave/Cheltenham Rd,-37.99255896,145.1581006
3314,Springers Leisure Centre/Cheltenham Rd,-37.99197021,145.15274058
3315,Carson Ave/Cheltenham Rd,-37.99150074,145.14867577
3316,Springvale Rd/Cheltenham Rd ,-37.99114891,145.14579231
3318,Greenwood Village Mews/Lower Dandenong Rd,-37.99034792,145.13901449
3319,Emery Lane/Lower Dandenong Rd,-37.98999061,145.13580104
3320,St Marks Primary School/Lower Dandenong Rd,-37.98915134,145.1283526
3321,Braeside Park Entrance/Lower Dandenong Rd,-37.9888082,145.1254805
3322,Howard Rd/Lower Dandenong Rd,-37.98817966,145.12054335
3323,Bell Gr/Lower Dandenong Rd,-37.98755304,145.11630081
3324,Boundary Rd/Lower Dandenong Rd,-37.98692175,145.11121588
3325,Boundary Rd/Lower Dandenong Rd,-37.98646629,145.1075498
3326,Sibthorpe St/Lower Dandenong Rd,-37.98596954,145.10356602
3328,De Havilland Rd/Lower Dandenong Rd,-37.98543974,145.09921879
3329,Rivette St/Lower Dandenong Rd,-37.985129,145.09672188
3330,Ewen St/Lower Dandenong Rd,-37.98466094,145.09286275
3331,McSwain St/Lower Dandenong Rd,-37.98423009,145.0890824
3332,Ivy St/Lower Dandenong Rd,-37.98383688,145.08596151
3333,Edmond St/Lower Dandenong Rd,-37.98349234,145.08306709
3334,Olive Gr/Lower Dandenong Rd,-37.98307799,145.07976464
3335,Thrift Park Shopping Centre/Lower Dandenong Rd,-37.98271472,145.07683662
3336,Mitchell St/Warrigal Rd,-37.98385539,145.07110255
3337,Stawell St/Warrigal Rd,-37.98569733,145.07076966
3338,Mentone Grammar School/Como Pde,-37.98748622,145.06940198
3339,St Augustines Church/Como Pde,-37.98605689,145.06797064
3340,Kilbreda College/Como Pde,-37.984055,145.06624696
3342,Davies St/Balcombe Rd,-37.98071529,145.05990195
3343,Mundy St/Balcombe Rd,-37.98044424,145.05713109
3344,Rossmith Ave/Charman Rd,-37.97793784,145.05324664
3345,Patty St/Charman Rd,-37.97681526,145.05348123
3346,Keith St/Charman Rd,-37.97385907,145.05400331
3347,Sydney St/Charman Rd,-37.97172988,145.05440106
3348,Cheltenham Railway Station/Charman Rd,-37.96713954,145.05528491
3349,Barker St/Charman Rd,-37.96387838,145.05589456
3351,Dennis St/Chesterville Rd,-37.9558647,145.05739198
3352,Bernard St/Chesterville Rd,-37.95318733,145.05788362
3354,Waves Leisure Centre/148 Chesterville Rd,-37.9502675,145.05842712
3355,Wickham Rd/Chesterville Rd,-37.94839032,145.05880657
3356,Chesterville Rd/Wickham Rd,-37.94723056,145.05842741
3357,Commercial Rd/Wickham Rd,-37.94685274,145.05574028
3359,Rowans Rd/Wickham Rd,-37.94619397,145.05078462
3360,Wickham Rd/Chapel Rd,-37.94517372,145.04740902
3361,Beilby St/Chapel Rd,-37.94253262,145.04791135
3362,Avon St/Chapel Rd,-37.94079413,145.04795736
3363,Herne Cl/Chapel Rd,-37.93790231,145.04855729
3364,Tucker Rd/South Rd,-37.9348068,145.04828643
3365,Moorabbin Bowls Club/South Rd,-37.9342559,145.04387493
3366,Moorabbin Station/Station St,-37.9352753,145.03690718
3367,Charming St/South Rd,-37.93260075,145.03001512
3368,Lonsdale Ave/South Rd,-37.93232267,145.02794041
3369,Bluff Rd/South Rd,-37.93185626,145.02431202
3370,Olive St/South Rd,-37.93144358,145.0212056
3371,Barnett St/South Rd,-37.9312558,145.01968604
3372,Prince St/South Rd,-37.93074907,145.01528517
3373,Amiens St/South Rd,-37.93039,145.01216603
3374,Avelin St/South Rd,-37.93009991,145.0099325
3375,Haileybury College Junior School/118 South Rd,-37.9296473,145.0060878
3376,Hampton St/South Rd,-37.9295059,145.00465808
3377,South Rd/Roslyn St,-37.92860765,145.00164467
3378,Were St/Roslyn St,-37.92632651,145.00210462
3379,Peacock St/Roslyn St,-37.92199704,145.0029385
3380,Whyte St/Dendy St,-37.92035507,145.00070774
3386,Hampton St/Willis St,-37.93653955,145.00227185
3387,Foam St/Willis St,-37.93702452,145.00642323
3388,Hudson St/Willis St,-37.93752143,145.0107564
3389,Coombe Ave/Fewster Rd,-37.93791177,145.01359052
3390,Fewster Rd/Edinburgh St,-37.93831869,145.01527499
3391,Edinburgh St/Thomas St,-37.93978058,145.01432535
3392,Thomas St/Sargood St,-37.93969651,145.01148289
3393,Linacre Rd/Sargood St,-37.94282364,145.0109548
3394,Nelson St/Highett Rd,-37.94509511,145.01151943
3395,Daly Rd/Highett Rd,-37.94540896,145.01409418
3396,Field St/Highett Rd,-37.9458138,145.01725824
3397,Alfreda St/Highett Rd,-37.94606716,145.01945913
3398,Bluff Rd/Highett Rd,-37.94633639,145.02153442
3399,Peterson St/Highett Rd,-37.94674007,145.0246417
3400,Wilson St/Highett Rd,-37.94703753,145.0273308
3401,Gilarth St/Highett Rd,-37.94733594,145.02954194
3402,Spring Rd/Highett Rd,-37.94753946,145.03147112
3403,Rose St/Highett Rd,-37.94787166,145.03409107
3404,Beaumaris Pde/Highett Rd,-37.94813599,145.03642835
3405,Donald St/Highett Rd,-37.94832623,145.03810756
3406,Highett Railway Station/Highett Rd,-37.94867932,145.0409091
3407,Thistle Gr/Graham Rd,-37.95066451,145.04160748
3408,Dunkley Ave/Graham Rd,-37.95314247,145.04213348
3409,Bay Rd/Graham Rd,-37.95509097,145.04225247
3410,Munro Ave/Bay Rd,-37.9567712,145.04574752
3413,Nepean Hwy/Centre Dandenong Rd,-37.96597483,145.05951598
3414,Axelton St/Centre Dandenong Rd,-37.96642332,145.06321505
3415,Berkefeld Ct/Centre Dandenong Rd,-37.96671973,145.06589368
3416,Merton Cl/Centre Dandenong Rd,-37.96740786,145.07157863
3417,Warrigal Rd/Centre Dandenong Rd,-37.96789915,145.07516291
3418,Jacaranda Ave/Centre Dandenong Rd,-37.96824564,145.07871686
3419,Hibiscus Ave/Centre Dandenong Rd,-37.96878721,145.08318783
3420,DFO/Centre Dandenong Rd,-37.96957897,145.08920055
3422,Moorabbin Airport/Centre Dandenong Rd,-37.97102719,145.10127541
3423,Federation Way/Centre Dandenong Rd,-37.97141172,145.1038838
3424,Ross St/Centre Dandenong Rd,-37.97197882,145.10832036
3425,Boundary Rd/Centre Dandenong Rd,-37.97259329,145.11347297
3471,Ivy St/South Rd,-37.93109847,145.01783572
3472,Redholme St/South Rd,-37.93374978,145.03999707
3473,Mentone Girls Secondary College/Balcombe Rd ,-37.98002035,145.05384056
3474,Braeside Park/Lower Dandenong Rd,-37.98955805,145.13182662
3475,Chapel Rd/Cheltenham Rd,-37.99301322,145.16179013
3476,Turramurra Dr/Kingsclere Ave,-37.98725032,145.16959706
3477,Ainsley Ave/Bloomfield Rd,-37.9811691,145.17725124
3478,Chandler Rd/Railway Pde,-37.97434159,145.18680097
3483,Dendy St/Church St,-37.92010641,145.00145391
3484,Peacock St/Roslyn St,-37.92180081,145.00305757
3485,Were St/Roslyn St,-37.92584358,145.00232247
3486,South Rd/Roslyn St,-37.92861859,145.00175815
3487,Hampton St/South Rd,-37.92931694,145.00467457
3488,St Leonards College/South Rd,-37.92957303,145.00702274
3489,Canberra Gr/South Rd,-37.92987757,145.00957442
3490,Comer St/South Rd,-37.93014218,145.01189965
3491,Prince St/South Rd,-37.93049436,145.01514411
3492,Ivy St/South Rd,-37.93083801,145.01788823
3493,Letchworth Ave/South Rd,-37.93130021,145.0217897
3494,Studley Rd/South Rd,-37.93165714,145.02426046
3495,Cummins Rd/South Rd,-37.93191112,145.02650644
3496,Gleniffer Ave/South Rd,-37.93241014,145.03101007
3499,Moorabbin Bowls Club/South Rd,-37.93398617,145.04337007
3500,Sandra Gr/South Rd,-37.93428319,145.0460588
3501,Deal Cl/Chapel Rd,-37.93583751,145.0490329
3502,Herne Cl/Chapel Rd,-37.93806559,145.04862124
3503,Avon St/Chapel Rd,-37.94084987,145.04805829
3504,Rhonda Ct/Chapel Rd,-37.94297457,145.04793379
3505,Wickham Rd/Chapel Rd,-37.94517542,145.0475114
3506,Walsh Ave/Wickham Rd,-37.94596944,145.0497436
3507,Rowans Rd/Wickham Rd,-37.94623814,145.05181902
3508,Commercial Rd/Wickham Rd,-37.94669265,145.05532344
3509,Keys Rd/Chesterville Rd,-37.94850104,145.05896298
3510,Waves Leisure Centre/148 Chesterville Rd,-37.95029715,145.05858567
3511,Bernard St/Chesterville Rd,-37.95316256,145.05802084
3512,Keamy Ave/Chesterville Rd,-37.95575923,145.0575541
3514,Cheltenham Youth Club/Charman Rd,-37.96495068,145.05588904
3515,Cheltenham Railway Station/Charman Rd,-37.96822929,145.05524478
3516,Sydney St/Charman Rd,-37.97177775,145.05457055
3517,Latrobe St/Charman Rd,-37.97387953,145.05415077
3518,Patty St/Charman Rd,-37.97649475,145.05371739
3520,Mentone Girls Secondary College/Balcombe Rd ,-37.97986872,145.05393565
3521,Mundy St/Balcombe Rd,-37.98033673,145.05771457
3522,Elizabeth St/Balcombe Rd,-37.98067926,145.06044939
3524,Kilbreda College/Como Pde,-37.98420362,145.06651632
3525,St Augustines Church/Como Pde,-37.98604975,145.06808469
3526,Mentone Grammar School/Como Pde,-37.98767254,145.06977285
3527,Stawell St/Warrigal Rd,-37.98560501,145.07063545
3528,St Patricks Primary School/Warrigal Rd,-37.9835208,145.07103161
3529,Thrift Park Shopping Centre/Lower Dandenong Rd,-37.98260644,145.07682806
3530,Kingsclere Ave/Corrigan Rd,-37.98096381,145.16521046
3531,Coolabah St/Lower Dandenong Rd,-37.9833719,145.08286528
3532,Ivy St/Lower Dandenong Rd,-37.98374076,145.08614618
3533,Allandale Rd/Lower Dandenong Rd,-37.9841152,145.08922202
3534,Bundora Pde/Lower Dandenong Rd,-37.98457142,145.09289922
3535,Duigan Dr/Lower Dandenong Rd,-37.98499462,145.09677089
3536,De Havilland Rd/Lower Dandenong Rd,-37.98534066,145.09922134
3537,Sibthorpe St/Lower Dandenong Rd,-37.98588019,145.10361386
3538,Boundary Rd/Lower Dandenong Rd,-37.98634552,145.10732518
3539,Boundary Rd/Lower Dandenong Rd,-37.98659898,145.11075732
3541,Woodlands Dr/Lower Dandenong Rd,-37.98726125,145.11664987
3542,Howard Rd/Lower Dandenong Rd,-37.98803653,145.12117326
3543,Sandleford Pl/Lower Dandenong Rd,-37.98859763,145.12583885
3544,St Marks Primary School/Lower Dandenong Rd,-37.98896059,145.1288243
3545,Cassava Ct/Lower Dandenong Rd,-37.98934149,145.13180934
3546,Emery Lane/Lower Dandenong Rd,-37.98971891,145.13514748
3547,Greenwood Village Mews/Lower Dandenong Rd,-37.99008596,145.13840622
3549,Fiveways Bvd/Cheltenham Rd,-37.99132174,145.14989869
3550,Yagoona Ave/Kingsclere Ave,-37.98097508,145.16708879
3551,Beauvorno Ave/Cheltenham Rd,-37.99242374,145.15867334
3552,The Rialto/Waverley Rd,-37.87946351,145.07496621
3553,Cheltenham Rd/Corrigan Rd,-37.99199702,145.16307947
3555,Resurrection Church/Corrigan Rd,-37.989562,145.16353875
3556,Putt Gr/Corrigan Rd,-37.98699238,145.16403551
3557,Darren Rd/Corrigan Rd,-37.98489967,145.16448619
3558,Trevor Ct/Corrigan Rd,-37.98308426,145.16480468
3561,Balgowlah Ave/Kingsclere Ave,-37.98900891,145.17025933
3563,Parkmore Shopping Centre/Kingsclere Ave,-37.99184276,145.17458438
3564,Kingsclere Ave/Bloomfield Rd,-37.99072803,145.17534078
3565,Beverley Pl/Bloomfield Rd,-37.98899436,145.17570256
3566,Frederick Wachter Reserve/Bloomfield Rd,-37.98666686,145.17612458
3567,Isaac Rd/Bloomfield Rd,-37.98397901,145.17655548
3568,Conley St/Nance St,-37.98091627,145.17954599
3569,15 Stackpoole St,-37.98037703,145.18255368
3579,Magnolia Rd/Gardenvale Rd,-37.89816088,145.00983781
3586,Hillcrest Ave/Bay St,-37.90604803,145.00622459
3587,Hampton Station/Willis Lane,-37.93725119,145.00119439
3588,Hampton St/Willis St,-37.93652411,145.00295497
3589,Foam St/Willis St,-37.93697587,145.00674314
3590,Hudson St/Willis St,-37.93751303,145.01132555
3591,Coombe Ave/Fewster Rd,-37.93781824,145.01338823
3592,Fewster Rd/Edinburgh St,-37.93854388,145.01526893
3594,Thomas St/Sargood St,-37.93971664,145.01160752
3595,Linacre Rd/Sargood St,-37.94259098,145.01105211
3596,Lansdown St/Highett Rd,-37.94503398,145.01163488
3597,Austin Rd/Highett Rd,-37.94533613,145.01405062
3598,Field St/Highett Rd,-37.94573196,145.01721493
3599,Valerian St/Highett Rd,-37.94598609,145.0194613
3600,Bluff Rd/Highett Rd,-37.94644942,145.02289698
3601,Telford St/Highett Rd,-37.94694116,145.02695784
3602,Tweed St/Highett Rd,-37.94726673,145.02971449
3603,Spring Rd/Highett Rd,-37.94742699,145.03121238
3604,Panorama Ave/Highett Rd,-37.94773236,145.03384442
3605,Harding St/Highett Rd,-37.94800324,145.03603357
3606,Worthing Rd/Highett Rd,-37.94825777,145.0383256
3607,Highett Railway Station/Highett Rd,-37.9486575,145.0417632
3608,Nepean Hwy/Highett Rd,-37.94909619,145.04538189
3609,Thistle Gr/Graham Rd,-37.95055831,145.04172411
3610,Dunkley Ave/Graham Rd,-37.95286228,145.04208402
3611,Bay Rd/Graham Rd,-37.95575697,145.04220064
3612,Jackson Rd/Bay Rd,-37.95666708,145.04598929
3615,Cheltenham Railway Station/Station Rd,-37.96706449,145.05565116
3616,Nepean Hwy/Centre Dandenong Rd,-37.96581232,145.05949749
3617,Axelton St/Centre Dandenong Rd,-37.96629063,145.06336652
3618,Coolac St/Centre Dandenong Rd,-37.96671836,145.06690682
3619,Herald St/Centre Dandenong Rd,-37.96723788,145.07110498
3620,Warrigal Rd/Centre Dandenong Rd,-37.96774974,145.07539447
3621,Jells Rd/Centre Dandenong Rd,-37.96826116,145.07911487
3622,Blackburn Dr/Centre Dandenong Rd,-37.96862239,145.08247496
3623,Grange Rd/Centre Dandenong Rd,-37.96910952,145.08637822
3624,DFO/Centre Dandenong Rd,-37.96954742,145.09003237
3625,Moorabbin Airport/Centre Dandenong Rd,-37.97092681,145.10119831
3626,Boundary Rd/Centre Dandenong Rd,-37.97194069,145.10931175
3627,Boundary Rd/Centre Dandenong Rd,-37.97232864,145.11270563
3628,Kingswood Golf Club/Centre Dandenong Rd,-37.97628142,145.12319215
3629,Golfwood Cl/Centre Dandenong Rd,-37.97928779,145.12636034
3630,Greenview Cl/Centre Dandenong Rd,-37.98113666,145.12871565
3631,Dingley Primary School/Centre Dandenong Rd,-37.98283814,145.13143916
3632,Dingley Village Shopping Centre/Centre Dandenong Rd,-37.9843938,145.13406401
3633,North Brighton Station/Bay St,-37.90550906,145.00207641
3634,Harley St/Centre Dandenong Rd,-37.98614236,145.13692321
3635,Golf Links Cres/Centre Dandenong Rd,-37.98790905,145.13979347
3636,Spring Park Golf Course/Lower Dandenong Rd,-37.99051685,145.142859
3637,Springvale Rd/Cheltenham Rd,-37.99081596,145.14582346
3638,Springers Leisure Centre/Cheltenham Rd,-37.99167669,145.15298707
3640,Corrigan Rd/Cheltenham Rd,-37.99278327,145.16206916
3641,College Cres/Cheltenham Rd,-37.99327309,145.16573507
3642,Grayling Cres/Cheltenham Rd,-37.9937059,145.16922024
3645,Chandler Rd/Cheltenham Rd,-37.99479799,145.18268745
3647,Cambria Rd/Cheltenham Rd,-37.99327719,145.18866923
3649,Sinclair Rd/Cheltenham Rd,-37.99151554,145.1954196
3652,Wilma Ave/Railway Pde,-37.98493188,145.20215072
3653,Rosewood Downs Aged Care/24 Railway Pde,-37.98681134,145.2048376
3654,Swords St/Foster St,-37.98870427,145.20782034
3657,Dandenong Plaza SC/McCrae St,-37.98771213,145.21724982
3658,Foster St/McCrae St,-37.98905777,145.21862921
3659,St Marys PS/McCrae St,-37.99137973,145.22080494
3660,Wedge St/McCrae St,-37.99374737,145.22302524
3661,Thomas Carroll Reserve/Box St,-37.99605751,145.22621505
3662,Claredale Rd/Box St,-37.99635978,145.22892949
3663,Grevillea St/Box St,-37.99624341,145.23077714
3664,Chestnut Rd/Box St,-37.99547137,145.2339729
3665,Magnolia Gr/Box St,-37.99495405,145.23733331
3666,Power Rd/Paperbark St,-37.99514691,145.2393785
3667,Cherry Gr/Paperbark St,-37.99522042,145.24188206
3668,Paperbark St/Frawley Rd,-37.99535473,145.24423614
3669,Olive Rd/Frawley Rd,-37.99606706,145.24728251
3752,Elsternwick Station/20 Horne St,-37.88511238,145.00029689
3758,Ainsley Ave/Bloomfield Rd,-37.98120319,145.17712516
384,Fellows St/Princess St,-37.80007399,145.0300434
3940,Williams Rd/Malvern Rd,-37.84799986,145.00282285
3941,Lorne Rd/Malvern Rd,-37.84840354,145.00590318
3942,Canterbury Rd/Malvern Rd,-37.8488708,145.00955008
3943,Toorak Station/Orrong Rd,-37.84993512,145.01227179
3944,Sydney St/Orrong Rd,-37.85228152,145.011936
3945,High St/Orrong Rd,-37.85404242,145.01161592
3946,Barnato Gr/Orrong Rd,-37.85741243,145.01105935
3947,Dandenong Rd/Orrong Rd,-37.85978431,145.01063186
3949,Alma Rd/Orrong Rd,-37.86349564,145.01000917
3950,Whitehall Ct/Orrong Rd,-37.86569695,145.00962029
3951,Inkerman Rd/Orrong Rd,-37.86743043,145.00927809
3953,Balaclava Rd/Orrong Rd,-37.8702061,145.00874865
3954,St Aubins Ave/Orrong Rd,-37.87362859,145.00809943
3956,Merton St/Orrong Rd,-37.87545175,145.00773199
3957,Glen Eira Rd/Orrong Rd,-37.87773353,145.00730669
3958,Seymour Rd/Orrong Rd,-37.88011343,145.00682187
3959,King St/Orrong Rd,-37.88322121,145.00621505
3960,Glen Huntly Rd/Orrong Rd,-37.88470304,145.00591356
3961,Rowan St/Orrong Rd,-37.88667589,145.00587171
39613,Walker St/Lonsdale St,-37.98743838,145.21405682
3962,Hamilton St/Orrong Rd,-37.88851036,145.00564028
3963,Riddell Pde/Orrong Rd,-37.88973174,145.00539127
3964,Downshire Rd/Riddell Pde,-37.89094819,145.00591563
3965,Burnett St/Mitcham Rd,-37.81206529,145.19336807
3966,Doncaster East Rd/Mitcham Rd,-37.80941134,145.19308062
3967,Mullauna College/241 Mitcham Rd,-37.8073233,145.19208651
3968,Chippewa Ave/Mitcham Rd,-37.80498429,145.19000816
3969,Park Rd/Mitcham Rd,-37.80321199,145.18844993
3970,Eastern Fwy/Mitcham Rd,-37.80100087,145.18473316
39765,Murray Pl/Whitehorse Rd,-37.81677849,145.22476655
39767,Springvale Rd/Whitehorse Rd,-37.81856829,145.17501001
4,Braeside Park/Howard Rd,-37.98733664,145.12023466
40141,Riley Reserve/Neerim Rd,-37.89105045,145.07152591
40142,Emily St/Neerim Rd,-37.8901407,145.06496566
40143,Ames Ave/Neerim Rd,-37.88980363,145.06200658
40144,Koornang Rd/Neerim Rd,-37.88928615,145.05740346
40145,Koornang Rd/Neerim Rd,-37.88920621,145.05747378
40146,Hewitts Rd/Neerim Rd,-37.88978559,145.06255288
40147,Murrumbeena Rd/Neerim Rd,-37.89021213,145.06602132
40149,Springthorpe Gardens/Neerim Rd,-37.89097869,145.07209636
40166,Latona Ave/Christie St,-37.89375692,145.24261555
40168,Ferntree Gully Rd/Borg Cres,-37.89840871,145.22650331
40180,Scott St/Churinga Ave,-37.82956397,145.20379227
40186,Greens Rd/South Gippsland Hwy,-38.01846895,145.2351297
40187,Greens Rd/South Gippsland Hwy,-38.01844927,145.23562
40188,Hammond Rd/Villas Rd,-38.03559588,145.19977315
40189,Hammond Rd/Villas Rd,-38.03546041,145.19975368
40190,Mark Anthony Dr/Villas Rd,-38.0350637,145.1956274
40191,Mark Anthony Dr/Villas Rd,-38.03493898,145.19572161
40192,Bangholme Rd/Mark Anthony Dr,-38.03661847,145.19417637
40193,Bangholme Rd/Mark Anthony Dr,-38.0365708,145.19400663
40194,Bangholme Rd/Worsley Rd,-38.03734256,145.1873562
40195,Bangholme Rd/Worsley Rd,-38.03739872,145.18749155
40208,Warrigal Rd/Thomas St,-37.8429717,145.09640494
40209,Lewis St/Thomas St,-37.84272849,145.09418383
40210,Through Rd/Joffre St,-37.84209164,145.09214335
40211,Cornell St/Through Rd,-37.83949363,145.09253984
40212,Riversdale Rd/Through Rd,-37.83634079,145.09317785
40283,Blackburn Station/South Pde,-37.82046052,145.1507309
40358,Knox City Shopping Centre ,-37.86919686,145.23884515
40359,Knox City Shopping Centre ,-37.86916762,145.23869806
40398,Felix Cres/Kubba Rd,-37.80153987,145.21706731
407,Rangeview Ave/Chadstone Rd,-37.8845443,145.07871124
4072,Wonga Rd/Warrandyte Rd,-37.80109122,145.23394456
4073,Lauriston Ct/Warrandyte Rd,-37.80248484,145.23252568
4074,Loughnan Rd/Warrandyte Rd,-37.80522889,145.23041573
4075,Mullum Mullum Rd/Warrandyte Rd,-37.80720473,145.23056166
4076,Woodside Ave/Warrandyte Rd,-37.8086839,145.23063995
40803,Gardiner Ave/Heatherton Rd,-37.9682444,145.19877852
4089,Toogoods Rise/Middleborough Rd,-37.80177364,145.14182683
4090,Katrina St/Middleborough Rd,-37.80377733,145.14144722
4091,Marshall Rd/Middleborough Rd,-37.80533239,145.14119243
4092,Springfield Rd/Middleborough Rd,-37.80891743,145.14051187
4093,Ashley St/Middleborough Rd,-37.81101066,145.14009586
4094,Lexton Rd/Middleborough Rd,-37.81288083,145.13982174
4095,Margaret St/Middleborough Rd,-37.81512755,145.13942455
4096,Davey St/Middleborough Rd,-37.81723843,145.1389853
4097,Pottery Dr/Springfield Rd,-37.80965813,145.1457639
40973,CSIRO/Normanby Rd,-37.90519443,145.12873033
40974,CSIRO/Normanby Rd,-37.90510416,145.12872125
4098,Blackburn High School/Springfield Rd,-37.81010167,145.14989889
4099,Fir St/Surrey Rd,-37.81459286,145.15700028
41075,East Link/Ferntree Gully Rd,-37.90216831,145.2164727
41076,East Link/Ferntree Gully Rd,-37.90398753,145.21401756
411,Cheltenham Rd/Springvale Rd,-37.98935706,145.14474429
4117,Heatherwood School/Springvale Rd,-37.80052539,145.17845261
4118,Ashwood Dr/Springvale Rd,-37.80541322,145.17808264
4119,Olwen St/Springvale Rd,-37.80721178,145.17783398
41199,Vermont South SC/Burwood Hwy,-37.85624908,145.18268539
412,Westall Rd/Springvale Rd,-37.98171948,145.1461663
4120,Springfield Rd/Springvale Rd,-37.81409125,145.17688102
4121,Tunstall Ave/Springvale Rd,-37.81587126,145.17659867
4123,Nunawading Railway Station/Station St,-37.82044056,145.1766112
413,Clarke Rd/Springvale Rd,-37.97787474,145.14694615
414,Harold Rd/Springvale Rd,-37.97514377,145.14749299
415,Athol Rd/Springvale Rd,-37.97126315,145.14828496
418,Ealing Cres/Springvale Rd,-37.96548716,145.14946594
419,Clapham Ave/Springvale Rd,-37.96161678,145.15033711
42067,Springvale Rd/Ferntree Gully Rd,-37.90326218,145.16049988
421,Armstrong St/Springvale Rd,-37.95828384,145.15100121
4210,Haldane St/Cheltenham Rd,-37.99405505,145.1853477
4212,Tootal Rd/Centre Dandenong Rd,-37.97304229,145.11843637
4213,Ross St/Centre Dandenong Rd,-37.97143721,145.10546551
4214,Moorabbin Airport/Centre Dandenong Rd,-37.96985021,145.09258584
422,Boonah St/Springvale Rd,-37.95610938,145.15140857
42268,Stuart Cres/Springvale Rd,-37.8113489,145.17728926
42269,West St/Springvale Rd,-37.82228827,145.17546371
42270,Heather Gr/Springvale Rd,-37.82589033,145.17470466
42271,Munro Ave/Edithvale Rd,-38.03658429,145.11509079
42274,Edithvale Station/Edithvale Rd,-38.0381348,145.11007174
4237,Gladstone Pde/Clarence St,-37.89198295,145.00901488
4238,Paperbark St/Frawley Rd,-37.99556363,145.24434503
4239,Oak Ave/Paperbark St,-37.99534654,145.24187905
424,Springvale Central/Windsor Ave,-37.95191672,145.15184372
4240,Power Rd/Paperbark St,-37.99525635,145.23886343
4241,Camellia Ct/Box St,-37.99510712,145.23612254
4242,Chestnut Rd/Box St,-37.99557999,145.23400446
4243,Grevillea St/Box St,-37.9962083,145.23143849
4244,Claredale Rd/Box St,-37.99650323,145.22888049
4245,Thomas Carroll Reserve/Box St,-37.99609156,145.2254854
4246,Wedge St/McCrae St,-37.9939338,145.22283854
4247,St Marys PS/McCrae St,-37.99160339,145.22069705
4248,Foster St/McCrae St,-37.9891257,145.21835429
4249,Dandenong Plaza SC/McCrae St,-37.98764527,145.21700093
425,Springvale Railway Station/Lightwood Rd,-37.94976155,145.15347964
4251,Dandenong Station/Foster St,-37.98970182,145.209413
4252,Swords St/Foster St,-37.98878292,145.20765901
4253,Rosewood Downs Aged Care/Railway Pde,-37.98693729,145.20482314
4254,Wilma Ave/Railway Pde,-37.98497379,145.20194475
4258,Dingley Ave/Cheltenham Rd,-37.99169728,145.19551763
426,Elm Gr/Lightwood Rd,-37.95190438,145.15622571
4260,Cambria Rd/Cheltenham Rd,-37.99343478,145.18836928
4261,Haldane St/Cheltenham Rd,-37.99420376,145.18564011
4262,Chandler Rd/Cheltenham Rd,-37.99493611,145.18287763
4264,Parkmore SC/Cheltenham Rd,-37.99340755,145.17379402
4265,Stanley Rd/Cheltenham Rd,-37.99389171,145.16899926
4266,Garden Ct/Cheltenham Rd,-37.99331643,145.16446998
427,Lightwood Rd/View Rd,-37.95407019,145.15814053
42750,Ash Gr/Springvale Rd,-37.95394823,145.15208872
42763,Edithvale Station/Edithvale Rd,-38.03830393,145.10994206
428,Sandown Greyhounds/View Rd,-37.9565324,145.15769205
4283,Chapman St/Middleborough Rd,-37.80160589,145.14204683
4284,Katrina St/Middleborough Rd,-37.80378002,145.14161753
4285,Twyford St/Middleborough Rd,-37.80599973,145.14122113
4286,Springfield Rd/Middleborough Rd,-37.80856951,145.14073641
4287,Kerr St/Middleborough Rd,-37.81112956,145.14020647
4288,Lexton Rd/Middleborough Rd,-37.81267668,145.14001997
4289,Tara Ave/Middleborough Rd,-37.81517421,145.13952562
429,Woodward St/View Rd,-37.95931785,145.15716716
4290,Attunga St/Middleborough Rd,-37.81715933,145.13911225
4291,Beverley Cres/Springfield Rd,-37.80976533,145.14570442
4292,Blackburn High School/Springfield Rd,-37.81015438,145.14923874
4293,Cootamundra Cres/Surrey Rd,-37.81301921,145.15722116
4294,Whitehorse Rd/Surrey Rd,-37.81693466,145.15633995
43,Centre Dandenong Rd/Howard Rd,-37.97669081,145.1223051
430,Heatherton Rd/View Rd,-37.96246165,145.15650805
4315,Spencer St/Springvale Rd,-37.80719803,145.17752763
4316,Tasman Ave/Junction Rd,-37.80825027,145.1750596
4317,Busana Way/Junction Rd,-37.80779718,145.17141321
432,Heatherhill Primary School/Heatherton Rd,-37.96324845,145.15956172
4320,Esdale St/Springvale Rd,-37.81451733,145.17646159
4321,Norcal Rd/Station St,-37.81969096,145.18175331
4322,Whitehorse Rd/Rooks Rd,-37.81820549,145.18535694
4325,Grange Rd/Centre Dandenong Rd,-37.96923601,145.0863977
4326,Tootal Rd/Centre Dandenong Rd,-37.97309387,145.11771785
433,Lawn Rd/Heatherton Rd,-37.96359708,145.16226212
4335,Mitcham Rd/Whitehorse Rd,-37.8163873,145.19429648
4336,Ormond Ave/Mitcham Rd,-37.81241489,145.19324595
4337,Harrison St/Mitcham Rd,-37.81365117,145.19335213
4338,Mitcham Bowls Club/Mitcham Rd,-37.80988793,145.19301221
4339,Mullauna College/Mitcham Rd,-37.80696185,145.19143651
434,Diggins Ct/Heatherton Rd,-37.96401443,145.16590562
4340,Chippewa Ave/Mitcham Rd,-37.8052277,145.19001358
43404,Central Rd/Springvale Rd,-37.82514881,145.17454115
4341,Hedge End Rd/Mitcham Rd,-37.80238523,145.18684593
43410,Candlebark Lane/Springvale Rd,-37.82279455,145.17498544
43414,Nunawading Station/Springvale Rd ,-37.82061109,145.17540276
4342,William St/Mitcham Rd,-37.80029774,145.18296721
43452,Trinity Grammar School/Charles St,-37.80781404,145.03536936
43453,Hawthorn Station/Burwood Rd,-37.82134583,145.02382033
43454,Elgin Pl/Power St,-37.82091298,145.02649025
43456,Wellington St/Denmark St ,-37.80918584,145.0290175
43457,Grace Park/Power St,-37.81928003,145.02692
435,James St/Heatherton Rd,-37.96459703,145.17033048
436,Douglas St/Heatherton Rd,-37.96487246,145.17239535
43685,Haileybury Keysborough Campus/Springvale Rd ,-37.99530194,145.14399096
43687,Keylana Dr/Springvale Rd,-38.00380911,145.14228451
437,Memorial Dr/Heatherton Rd,-37.96526883,145.17586875
4373,Eastern Fwy on ramp/Eastern Fwy Ramp,-37.80172302,145.15926242
438,Ian St/Heatherton Rd,-37.96551678,145.17791157
43890,Heatherdale Rd/Whitehorse Rd,-37.81710655,145.21130806
43891,Deep Creek Rd/Whitehorse Rd,-37.81666464,145.20654742
43892,Monomeeth Dr/Whitehorse Rd,-37.81647393,145.2046776
43893,Barkly Tce/Whitehorse Rd,-37.81583075,145.19855872
43894,McGlone St/Whitehorse Rd,-37.81730654,145.18784414
43896,McCulloch St/Whitehorse Rd,-37.81823941,145.18113002
43897,Ceylon St/Whitehorse Rd,-37.81829342,145.16601931
43898,Ashburn Pl/Whitehorse Rd,-37.81814896,145.16195586
43899,Surrey Rd/Whitehorse Rd,-37.81784985,145.15665799
439,Ellendale Rd/Heatherton Rd,-37.96610914,145.18299661
43900,Chapel St/Chapel St,-37.81820673,145.1541271
43901,Fir St/Surrey Rd,-37.8141147,145.15696673
43903,Ventura St/Blackburn Rd,-37.80286746,145.15925672
440,Dalgety St/Hammond Rd,-37.99479682,145.20963074
44025,Peacedale Gr/Whitehorse Rd,-37.81807493,145.16645641
44026,Metropolitan Ave/Whitehorse Rd,-37.8181818,145.16985053
44028,Springvale Rd/Whitehorse Rd,-37.81830947,145.17575481
44029,McCulloch St/Whitehorse Rd,-37.81800449,145.18109035
44030,Dunlavin Rd/Whitehorse Rd,-37.81755083,145.18439598
44031,Alexander St/Whitehorse Rd,-37.8168357,145.18945745
44032,Doncaster East Rd/Whitehorse Rd,-37.81559096,145.19820103
44033,Deep Creek Rd/Whitehorse Rd,-37.81635611,145.20581648
44034,Heatherdale Rd/Whitehorse Rd,-37.81707732,145.21294465
44035,Market St/Whitehorse Rd,-37.81683817,145.22334509
44086,Eastlink/High Street Rd,-37.87697106,145.21114572
441,Marshall St/Heatherton Rd,-37.96682655,145.18919423
44162,Mulkarra Dr/Thames Prom,-38.04663117,145.12855345
44180,Avalon Gr/Evelyn Rd,-37.80352727,145.22633329
442,South Eastern Private Hospital/Heatherton Rd,-37.96703238,145.19261557
443,Stevenson Ave/Heatherton Rd,-37.96782693,145.19741131
4436,Strathallyn Rd/Warrandyte Rd,-37.80177196,145.23306514
4437,Loughnan Rd/Warrandyte Rd,-37.80539801,145.23027539
4438,Woodside Ave/Warrandyte Rd,-37.80899699,145.23048481
4439,Bourke St/Ringwood St,-37.81247232,145.22726658
444,Adelaide St/Heatherton Rd,-37.96833364,145.20107582
44484,Canterbury Girls Sec Col/Malacca Rd,-37.82066094,145.06945141
445,Gladstone Rd/Heatherton Rd,-37.96873245,145.20417383
446,Watson St/Heatherton Rd,-37.96910884,145.20757977
44696,Station St/Thames Prom,-38.0499477,145.1178478
44697,Station St/Embankment Gr,-38.0488177,145.11593944
447,James St/Heatherton Rd,-37.96932385,145.20927072
448,Suzanne St/Heatherton Rd,-37.96990498,145.21429965
44821,Deakin University/Holland Ave,-37.84638022,145.11388704
44897,Dandenong High School/James St,-37.97812517,145.2084648
44898,Dandenong High School/James St,-37.97820781,145.20856526
44931,Lexington Gardens Ret Village/Westall Rd,-37.94971113,145.13884541
451,Kirkham Rd/Hammond Rd,-37.99795949,145.2090072
452,Rodeo Dr/Hammond Rd,-38.00646744,145.20728538
453,Rhur St/Hammond Rd,-38.00933315,145.20669164
45425,Governor Rd/Burdekin Bvd,-38.01172325,145.13216385
45426,Bate Dr/Governor Rd,-38.00911087,145.11866492
45427,Industrial Dr/Boundary Rd,-38.00499708,145.10436283
45428,McDonald St/Treeby Bvd,-38.00108196,145.1024365
45429,Treeby Bvd/Arwon St,-38.00324571,145.1013785
45430,Black Knight St/Hall Mark Rd,-38.00173509,145.09824004
45431,Edward St/McDonald St,-38.00154621,145.09603554
45432,Ben Kavanagh Reserve/McDonald St,-38.00298865,145.09162493
45434,Ben Kavanagh Reserve/McDonald St,-38.0026962,145.09192862
45435,Manikato Ave/McDonald St,-38.00140743,145.09636939
45436,Treeby Bvd/McDonald St,-38.00098269,145.10131159
45437,Industrial Dr/Boundary Rd,-38.00385802,145.10469966
45438,Bate Dr/Governor Rd,-38.00891605,145.11831682
45439,Governor Rd/Burdekin Bvd,-38.01143788,145.13235334
45447,Cardinal Ct/Tootal Rd,-37.97212363,145.12185228
45448,McClure Rd/Tootal Rd,-37.96815014,145.12471972
45449,Tootal Rd/Heatherton Rd,-37.95980502,145.13149952
45450,Clarke Rd/Heatherton Rd,-37.96073734,145.13914757
45451,Red Hill Rd/Heatherton Rd,-37.96189334,145.14844067
45452,Spring Rd/Heatherton Rd,-37.96193282,145.14808682
45453,Clarke Rd/Heatherton Rd,-37.96076113,145.13837298
45454,Tootal Rd/Heatherton Rd,-37.95998304,145.13192753
45455,McClure Rd/Tootal Rd,-37.96845624,145.12470054
45456,Cardinal Ct/Tootal Rd,-37.97209014,145.12201251
45457,Allan St/Cheltenham Rd ,-37.98988995,145.20402241
45458,Leslie St/Cheltenham Rd,-37.99113491,145.19821877
45459,Bennet St/Cheltenham Rd ,-37.99052838,145.19980502
45461,Little Brighton Reserve/Union St,-37.90892996,145.01838535
45468,Oak Grange Ret Village/Union St,-37.90881228,145.01835438
45538,Dandenong Station/Foster St,-37.98957674,145.20948437
45765,Caulfield Racecourse/Station St,-37.87722165,145.04068925
458,Greens Rd/Frankston-Dandenong Rd,-38.01560152,145.21532128
45806,Winners Cir/Wells Rd,-38.01639238,145.10744095
45807,Winners Cir/Wells Rd,-38.01633043,145.10751089
45816,Albert St/Park St,-38.00862798,145.08983859
45826,Charman Rd/Park Rd,-37.96527174,145.05514069
45861,Menzies Reserve/Menzies Ave,-37.9671398,145.21024585
45898,Dandenong Town Centre/Robinson St,-37.98695855,145.21094855
45899,Dandenong Town Centre/Scott St,-37.98624065,145.21055608
459,Zenith Rd/Frankston-Dandenong Rd,-38.01922243,145.21460691
45958,Alexander St/Hawthorn Rd,-37.90621215,145.01807156
45959,Milroy St/North Rd,-37.90072106,145.01202067
45960,North Rd/Hawthorn Rd,-37.90239979,145.01911781
460,Monterey Rd/Frankston-Dandenong Rd,-38.02294225,145.21387867
461,Quality Dr/Frankston-Dandenong Rd,-38.02632944,145.213204
462,Healey Rd/Frankston-Dandenong Rd,-38.02780285,145.21290616
46342,Edithvale Station/Edithvale Rd,-38.03810078,145.11019796
46344,Genazzano College/Cotham Rd,-37.80956168,145.05432647
4635,Holy Trinity Church/High St,-37.80560761,145.03383768
464,Swift Way/Frankston-Dandenong Rd,-38.03389465,145.21170989
4640,Boorool Rd/Harp Rd,-37.80033117,145.05910035
4641,Stradbroke Park/Harp Rd,-37.80070593,145.06215708
4642,Corhampton Rd/Belmore Rd,-37.80115543,145.06592743
4643,Lawson St/Belmore Rd,-37.80156344,145.06882436
4644,Kendari Ave/Belmore Rd,-37.80190732,145.07221137
4645,Macleay Park/Belmore Rd,-37.80239318,145.0754698
4646,Morris St/Belmore Rd,-37.80270637,145.07754017
4647,Heather St/Belmore Rd,-37.80306629,145.0802681
4648,Balwyn Rd/Belmore Rd,-37.80331726,145.0823969
4649,Balwyn Leisure Centre/Belmore Rd,-37.80401511,145.0876263
465,Colemans Rd/Frankston-Dandenong Rd,-38.03994138,145.21051449
4650,Hosken St/Belmore Rd,-37.80436431,145.09026375
4651,Glenluss St/Belmore Rd,-37.80445204,145.09345314
4652,Greythorn Rd/Belmore Rd,-37.8039856,145.09581627
4653,Luena Rd/Belmore Rd,-37.80395167,145.09873617
4654,Winfield Rd/Belmore Rd,-37.80247859,145.1035102
46543,Nunawading Station/Station St,-37.82045594,145.17644041
4655,Belgravia Ave/Belmore Rd,-37.80175917,145.10584559
4656,McColl Rd/Belmore Rd,-37.80133581,145.10866176
4657,Milne Rd/Belmore Rd,-37.80113375,145.11010935
4658,Valda Ave/Belmore Rd,-37.80055131,145.11369049
466,Willow Mobile Village/Frankston-Dandenong Rd,-38.04362494,145.20977528
4667,Narallah Gr/Station St,-37.80027165,145.1272245
4668,Woodhouse Gr/Station St,-37.80234699,145.12681998
4669,Bell St/Station St,-37.80373931,145.12653493
4670,Memorial Park/Station St,-37.80492535,145.12631186
4671,Wimmera St/Station St,-37.80638271,145.12615009
4672,Shannon St/Station St,-37.80812636,145.12585612
46721,Eastland SC/Warrandyte Rd,-37.81247988,145.23076517
4673,Tyne St/Station St,-37.81094794,145.12534176
4674,Severn St/Station St,-37.81291588,145.12498528
4675,Box Hill Gardens/Station St,-37.81514417,145.12456539
4676,Whitehorse Rd/Station St,-37.81765981,145.12408139
4678,Woodhouse Gr/Elgar Rd,-37.80342531,145.11758133
4679,Derwent St/Elgar Rd,-37.80564419,145.11713881
4680,Hagenauer Reserve/Elgar Rd,-37.80932852,145.11647728
4681,Severn St/Elgar Rd,-37.81212357,145.11599731
4682,Box Hill Hospital/Arnold St,-37.81411498,145.11767336
4683,Epworth Eastern/Arnold St ,-37.81435265,145.11957576
4684,Box Hill TAFE/Nelson Rd,-37.81708991,145.11942679
47093,Eastland SC/Ringwood St,-37.81431982,145.22726783
47109,Mitcham Station/Colombo St,-37.81805387,145.19190426
47110,Mitcham Station/Colombo St,-37.81805957,145.19168828
47111,Mitcham Station/Calcutta St,-37.81829821,145.19255721
47112,Mitcham Station/Calcutta St,-37.81832192,145.19234078
47113,Mitcham Station/Calcutta St,-37.81834564,145.19212435
47168,Mitcham Station/Colombo St,-37.81808293,145.19144914
47252,Ringwood Station/Maroondah Hwy,-37.81532947,145.22908401
47684,Harrison St/Mitcham Rd,-37.8139878,145.19355976
47771,Dingley Arterial/Tootal Rd,-37.96319583,145.12824919
47772,Dingley Arterial/Tootal Rd,-37.96305804,145.12865108
47923,Chadstone Shopping Centre/Eastern Access Rd,-37.88774681,145.08333558
47924,Chadstone Shopping Centre/Eastern Access Rd,-37.88781264,145.08350444
47925,Chadstone Shopping Centre/Eastern Access Rd,-37.88796578,145.08350047
47926,Chadstone Shopping Centre/Eastern Access Rd,-37.88813674,145.08348466
47927,Chadstone Shopping Centre/Eastern Access Rd,-37.88813897,145.08362106
47928,Chadstone Shopping Centre/Eastern Access Rd,-37.88798583,145.08362503
47929,Chadstone Shopping Centre/Eastern Access Rd,-37.88760842,145.08369167
47930,Chadstone Shopping Centre/Eastern Access Rd,-37.88782406,145.08365196
47931,Chadstone Shopping Centre/Eastern Access Rd,-37.88787243,145.08385539
47932,Chadstone Shopping Centre/Eastern Access Rd,-37.88815994,145.08380245
480,Bittern Dr/Heatherton Rd,-37.97330486,145.2455927
48059,Delhi St/Mitcham Rd,-37.81877665,145.19378384
48172,Bloomfield Rd/Rich St,-37.97345139,145.17818215
48173,Bloomfield Rd/Rich St,-37.97353035,145.17804358
48174,Yarraman Rd/Bloomfield Rd,-37.97656051,145.17818497
48175,Yarraman Rd/Bloomfield Rd,-37.9771238,145.1778978
48176,Cheltenham Rd/Perry Rd,-37.99561107,145.17525394
48177,Cheltenham Rd/Perry Rd,-37.99593996,145.17496109
48178,Serbian Orthodox Church/Perry Rd,-38.00272515,145.17375649
48179,Serbian Orthodox Church/Perry Rd,-38.00118579,145.17386301
48180,Perry Rd/Westwood Bvd,-38.00541737,145.17244826
48181,Westwood Bvd/Perry Rd,-38.00482531,145.17320326
48182,Stanley Rd/Westwood Bvd,-38.00496623,145.16835934
48183,Stanley Rd/Westwood Bvd,-38.00474892,145.16771556
48184,Chapel Rd/Westwood Bvd,-38.00419032,145.16137436
48185,Chapel Rd/Westwood Bvd,-38.00413777,145.16204763
48186,Fenland Pl/Keylana Dr,-38.00434545,145.15574426
48187,Fenland Pl/Keylana Dr,-38.00433394,145.15558511
48188,Lake View Bvd/Keylana Dr,-38.00450241,145.15082023
48189,Lake View Bvd/Keylana Dr,-38.00440857,145.15058342
48190,Stanford Ave/Keylana Dr,-38.00357426,145.14510351
48191,Alana Ct/Keylana Dr,-38.00312825,145.1431103
48192,Princetown Dr/Waterside Dr,-38.01551619,145.13550759
48193,Princetown Dr/Waterside Dr,-38.01522628,145.13484288
48293,Heatherdale Station/Molan St,-37.81935748,145.21413934
48368,Monash University,-37.91464313,145.13183523
48471,Monash University,-37.91401147,145.13178296
48473,Monash University,-37.91420911,145.13174383
48474,Monash University,-37.91439792,145.1317163
4849,Savaris Ct/Park Rd,-37.80163666,145.19149827
48542,Logis Bvd/Hammond Rd,-38.00497273,145.20736735
48543,James St/Heatherton Rd,-37.96464187,145.16973745
48582,High Street Rd/Jordan St,-37.86717948,145.10265966
48586,Evans St/Highbury Rd,-37.85435632,145.1021474
48590,Highview Rd/Chesterville Rd,-37.92975234,145.06307421
48860,Cadd Lane/Hemmings St,-37.98383139,145.21094481
48861,Newton Lane/Hemmings St,-37.98374217,145.2110039
48878,Cheltenham Railway Station/Charman Rd,-37.96733733,145.05525693
48879,Cheltenham Railway Station/Charman Rd,-37.96798382,145.05511465
48880,Cheltenham Railway Station/Charman Rd,-37.96742047,145.05537995
48881,Cheltenham Railway Station/Charman Rd,-37.96804031,145.05526115
4939,Elgar Rd/Belmore Rd,-37.80011072,145.11713168
4940,Valda Ave/Belmore Rd,-37.80062556,145.11382489
4941,Boondara Rd/Belmore Rd,-37.80104204,145.11113388
4942,Rostrevor Pde/Belmore Rd,-37.80145438,145.1087496
4943,Belgravia Ave/Belmore Rd,-37.80179423,145.10634444
4944,East Balwyn SC/354 Belmore Rd,-37.80291305,145.10306748
4946,Minifie Park/Belmore Rd,-37.80410933,145.09566543
49468,Ringwood Station/Maroondah Hwy,-37.81526133,145.22934692
4947,Glenluss St/Belmore Rd,-37.80461069,145.09323325
4948,Hosken St/Belmore Rd,-37.8044623,145.09019308
4949,Balwyn Leisure Centre/Belmore Rd,-37.8041015,145.08739691
4950,Balwyn Rd/Belmore Rd,-37.80356307,145.08254956
4951,Dee St/Belmore Rd,-37.80313798,145.08024353
4952,Morris St/Belmore Rd,-37.80279719,145.07758324
4953,Macleay Park/Belmore Rd,-37.80256656,145.07560159
4954,Metung St/Belmore Rd,-37.80201225,145.07201556
4955,Para St/Belmore Rd,-37.80165955,145.06864013
4956,Birtles St/Belmore Rd,-37.80125041,145.06567508
4957,Burke Rd/Belmore Rd,-37.80088904,145.06287919
4958,Lady Brasseys Dr/Harp Rd,-37.80044038,145.05916564
4959,First Ave/Harp Rd,-37.80004621,145.05602994
4965,Box Hill TAFE/Nelson Rd,-37.81715043,145.11926621
4966,Box Hill Hospital/Nelson Rd,-37.8145995,145.1197967
4967,Wellington Rd/Arnold St,-37.81427411,145.11804419
4968,Kenmare St/Elgar Rd,-37.81212985,145.11582676
4969,Hagenauer Reserve/Elgar Rd,-37.80913735,145.11635718
4970,Mitchell Rd/Elgar Rd,-37.80581263,145.11696415
4971,Cairo Rd/Elgar Rd,-37.80373697,145.11734626
4972,Horfield Ave/Elgar Rd,-37.80188597,145.11768856
4975,Thames St/Station St,-37.81444116,145.12456046
4976,Severn St/Station St,-37.81269788,145.1248772
4977,Tyne St/Station St,-37.81064903,145.12524709
4978,Shannon St/Station St,-37.80802528,145.12573372
4979,Paisley St/Station St,-37.80639838,145.12600203
4980,Memorial Park/Station St,-37.80508479,145.12613746
4981,Inglis St/Station St,-37.80363823,145.12641254
4982,St Philips Pl/Station St,-37.8012213,145.12687114
49849,Glen Iris Station/Wills St,-37.85940299,145.05849521
49962,Mordialloc Station/Albert St,-38.00611695,145.08781953
49963,Mordialloc Station/Albert St,-38.00627212,145.08794078
49964,Mordialloc Station/Albert St,-38.00658283,145.08820605
5016,Burwood Hwy/Warrigal Rd,-37.85093141,145.09542739
5017,Burwood Hwy/Warrigal Rd,-37.85082809,145.09572555
5018,St Benedicts School/Warrigal Rd,-37.84870309,145.09583704
5019,St Benedicts School/Warrigal Rd,-37.84878637,145.09597128
5025,Wattle Park PS/Thomas St,-37.8427737,145.09642139
5027,Lewis St/Thomas St,-37.84271967,145.09475226
5029,Through Rd/Joffre St,-37.84213908,145.09228986
5031,Norman St/Through Rd,-37.83991812,145.09259708
5033,Webster St/Through Rd,-37.83641432,145.09326686
5034,Riversdale Rd/Union Rd,-37.8353236,145.09547662
5035,Riversdale Rd/Union Rd,-37.83535375,145.09566902
5036,Thistle St/Union Rd,-37.83253125,145.09611656
5037,Thistle St/Union Rd,-37.83225346,145.0962146
5038,Canterbury Rd/Union Rd,-37.82625713,145.09711857
5044,Louise Ave/Mont Albert Rd,-37.82117085,145.10528128
5045,Louise Ave/Mont Albert Rd,-37.82139491,145.10576406
5046,St Johns Ave/Mont Albert Rd,-37.82142041,145.1079106
5047,St Johns Ave/Mont Albert Rd,-37.82166637,145.10807474
5048,View St/Mont Albert Rd,-37.8217446,145.11014042
5049,View St/Mont Albert Rd,-37.82184023,145.10992212
5050,Elgar Rd/Mont Albert Rd,-37.82213345,145.11359558
5051,Elgar Rd/Mont Albert Rd,-37.82224619,145.11332005
5102,Watts St/Whitehorse Rd,-37.81808204,145.12569523
5103,Our Lady of Sion College/Whitehorse Rd,-37.81877096,145.12991525
5105,Box Hill City Oval/Whitehorse Rd,-37.81959171,145.13677905
5106,Malabar Rd/Whitehorse Rd,-37.81912434,145.14027848
5107,Service Rd/Whitehorse Rd,-37.81830672,145.14271876
5108,Frederick St/Whitehorse Rd,-37.81745877,145.14667067
5109,Whitehorse Rd/Station St,-37.81804777,145.15031398
5110,Blackburn Station/Railway Rd,-37.81976821,145.15025967
5111,Whitehorse Rd/Chapel St,-37.81859107,145.1539244
5112,Maple St/Whitehorse Rd,-37.81777563,145.15825028
5113,Linden St/Whitehorse Rd,-37.81794598,145.16165416
5115,Elm St/Goodwin St,-37.8155793,145.16360999
5117,Springfield Rd/Goodwin St,-37.81215784,145.1643877
5118,Ashlar Cres/Springfield Rd,-37.81157024,145.16195998
5119,Maple St/Springfield Rd,-37.81135393,145.16022736
5120,Springfield Rd/Surrey Rd,-37.81053096,145.1577374
5121,Deane St/Surrey Rd,-37.80849153,145.15814021
5122,Burcote St/Surrey Rd,-37.80424204,145.15898407
5123,Junction Rd/Surrey Rd,-37.80585949,145.15868266
51251,Hammond Rd/Greens Rd,-38.01366331,145.2075771
51252,Hammond Rd/Greens Rd,-38.01415397,145.20961547
51253,Frankston-Dandenong Rd/Greens Rd,-38.01464067,145.21673426
51254,Frankston-Dandenong Rd/Greens Rd,-38.01488825,145.2164207
51255,Williams Rd/Greens Rd,-38.01516101,145.22074262
51256,Nicole Way/Greens Rd,-38.01531748,145.22036294
51257,Greens Rd/Kitchen Rd,-38.01709112,145.22561694
51258,Greens Rd/Kitchen Rd,-38.01726889,145.22545317
51259,Zenith Rd/Kitchen Rd,-38.02138603,145.22477287
51260,Nissan Dr/Kitchen Rd,-38.02170741,145.22457146
51261,Monterey Rd/Kitchen Rd,-38.02555515,145.22395453
51262,Monterey Rd/Kitchen Rd,-38.02576877,145.22377848
51263,Healey Rd/Kitchen Rd,-38.02962533,145.22314986
51264,Healey Rd/Kitchen Rd,-38.02923693,145.22309088
51265,Healey Rd/England St,-38.03006965,145.2191629
51266,Healey Rd/England St,-38.03005875,145.21903784
51267,Abbotts Rd/England St,-38.0317948,145.21882489
51268,Abbotts Rd/England St,-38.03192751,145.21866217
51269,Taylors Rd/Abbotts Rd,-38.03363333,145.22837389
51270,Taylors Rd/Abbotts Rd,-38.03378339,145.22816518
51271,Soccio Pl/Abbotts Rd,-38.03430168,145.23386102
51272,National Dr/Abbotts Rd,-38.03450278,145.23404988
51273,Gaine Rd/Abbotts Rd,-38.03514134,145.2405747
51274,Monash Dr/Abbotts Rd,-38.03524586,145.24033292
51295,Dandenong Station/Foster St,-37.98946811,145.20945285
51586,Huntingdale Station/Haughton Rd,-37.91119986,145.10306485
51587,Huntingdale Station/Haughton Rd,-37.9109403,145.10261654
51588,Huntingdale Station/Haughton Rd,-37.91086528,145.10299383
51589,Huntingdale Station/Haughton Rd,-37.91098422,145.10310452
51590,Huntingdale Station/Haughton Rd,-37.91115794,145.1032593
51597,Clayton Station/Clayton Rd,-37.92467256,145.11990889
51598,Clayton Station/Carinish Rd,-37.92475397,145.12105587
51599,Clayton Station/Carinish Rd,-37.92445953,145.12067656
51600,Dendy St/Nepean Hwy,-37.92215796,145.02367289
51601,Classic Residences Ret Village/Thomas St,-37.91936736,145.02278066
51603,Burwah Ave/Marriage Rd,-37.92008769,145.02006529
51604,Robinson St/Marriage Rd,-37.91997922,145.02004544
51605,Brighton Sec Col/Marriage Rd,-37.91977112,145.01732083
51606,Brighton Sec Col/Marriage Rd,-37.91966379,145.01736922
51607,Balfour St/Marriage Rd,-37.91925416,145.01285268
51608,Billson St/Marriage Rd,-37.91928601,145.01420554
51609,Brewer Rd/Nepean Hwy,-37.92113188,145.02321119
51639,Copas Park/Noble St,-37.96876886,145.17492835
51640,Noble Park Station/Mons Pde,-37.96670257,145.17650488
51641,Douglas St/Frank St,-37.96589218,145.17364498
51642,Noble St/Frank St,-37.96797205,145.17294459
51643,Murrumbeena Station/Neerim Rd,-37.8895434,145.06700537
51644,Murrumbeena Station/Neerim Rd,-37.88965019,145.06692298
51645,Murrumbeena Station/Murrumbeena Rd,-37.890113,145.06656974
51646,Murrumbeena Station/Murrumbeena Rd,-37.88994787,145.06639212
51840,Duncan Mackinnon Reserve/Murrumbeena Rd,-37.90428245,145.06291199
51841,Molden St/East Boundary Rd,-37.908434,145.06164295
51842,South Dr/East Boundary Rd,-37.91149762,145.06107343
51843,Deakin St/East Boundary Rd,-37.91377099,145.06067249
51844,Glen Eira Sports and Aquatic Centre/East Boundary Rd,-37.91591862,145.06029758
51845,Neville St/Tucker Rd,-37.92352321,145.05040504
51846,Pollina St/Tucker Rd,-37.92591288,145.04995511
51847,Halley Park/Jasper Rd,-37.92773167,145.04010002
51848,Small Rd/Jasper Rd,-37.929852,145.03971376
51849,Fairbank Rd/Jasper Rd,-37.93228608,145.03922813
51850,Brailsford Rd/Jasper Rd,-37.93213143,145.03914122
51851,Uonga Rd/Jasper Rd,-37.92969697,145.03960411
51852,Halley Park/Jasper Rd,-37.92754043,145.03997995
51853,Purtell St/Tucker Rd,-37.92556006,145.04987342
51854,Lawson St/Tucker Rd,-37.92349355,145.05024655
51855,Centre Rd/Tucker Rd,-37.92087025,145.05073675
51856,Centre Rd/East Boundary Rd,-37.92040416,145.05906489
51857,Charles St/East Boundary Rd,-37.918356,145.05946
51858,Glen Eira Sports and Aquatic Centre/East Boundary Rd,-37.91618248,145.05990389
51859,Shrewsbury St/East Boundary Rd,-37.91333411,145.06041097
51860,Bethwyn St/East Boundary Rd,-37.91112324,145.06077615
51861,Molden St/East Boundary Rd,-37.90821181,145.06128481
51862,Duncan Mackinnon Reserve/Murrumbeena Rd,-37.90406607,145.06290629
5247,Ventura St/Surrey Rd,-37.80341751,145.15927714
5248,Grosvenor St/Surrey Rd,-37.80461228,145.15903167
5249,Junction Rd/Surrey Rd,-37.8061128,145.15874452
5250,Deane St/Surrey Rd,-37.80829619,145.15832681
5251,Springfield Rd/Surrey Rd,-37.81080299,145.15784423
5252,Surrey Rd/Springfield Rd,-37.81110991,145.15902933
5254,Ashlar Cres/Springfield Rd,-37.81144572,145.1620653
5255,Springfield Rd/Goodwin St,-37.81206052,145.1645037
5257,Goodwin St/Elm St,-37.81520163,145.16308543
5258,Larch St/Fir St,-37.81490857,145.1575945
5259,Blackburn PS/Surrey Rd,-37.81699967,145.15646329
5260,Albert St/Railway Rd,-37.81991509,145.15215323
5261,Blackburn Station/Railway Rd,-37.81990155,145.15014273
5262,Whitehorse Rd/Station St,-37.8176505,145.15026709
5264,Downing St/Whitehorse Rd,-37.8176235,145.14625758
5265,Frankcom St/Whitehorse Rd,-37.81848724,145.14273696
5266,Minna St/Whitehorse Rd,-37.81959842,145.1394827
5267,Box Hill HS/Whitehorse Rd,-37.81968919,145.13667435
5268,1100 Whitehorse Rd,-37.81923166,145.13282328
5269,Our Lady of Sion College/Whitehorse Rd,-37.81887023,145.12992411
5270,Watts St/Whitehorse Rd,-37.81860003,145.12596614
5716,Parkside St/Clarence St,-37.89216261,145.01057931
5717,Kooyong Rd/Clarence St,-37.89250902,145.01348111
5718,Jupiter St/Kooyong Rd,-37.8941854,145.0134929
5719,Bethlehem Healthcare/Kooyong Rd,-37.89629624,145.01308361
5720,Kooyong Rd/Gardenvale Rd,-37.89841358,145.01199178
5754,Wantirna South PS/Tyner Rd,-37.87257567,145.2375937
5790,Wellington Rd/Whitehorse Rd,-37.81704926,145.11688314
5791,Nangnak Lane/Whitehorse Rd,-37.8163028,145.1107904
5792,Laing St/Whitehorse Rd,-37.81588783,145.10683635
5793,Pryton Ct/Union Rd,-37.80808541,145.10079968
5794,Belmore Rd/Union Rd,-37.80520164,145.10136196
5796,Belmore Rd/Greythorn Rd,-37.80344856,145.09715895
5797,Yeneda St/Greythorn Rd,-37.80139228,145.0976206
5814,Hislop Reserve/Balwyn Rd,-37.80058807,145.08359189
5815,Belmore Rd/Balwyn Rd,-37.80390339,145.08297237
5816,Yongala St/Balwyn Rd,-37.80606899,145.08258697
5817,Frederick St/Balwyn Rd,-37.80740714,145.08230247
5818,Gordon St/Balwyn Rd,-37.80902453,145.08201073
5819,Ellen St/Balwyn Rd,-37.81027278,145.08173989
5820,Whitehorse Rd/Balwyn Rd,-37.81314816,145.08122245
5821,Fintona Girls School/Balwyn Rd,-37.81475599,145.08089683
5822,Mont Albert Rd/Balwyn Rd,-37.81767604,145.08035543
5823,Mont Albert Rd/Rochester Rd,-37.81908463,145.08218205
5824,31 Rochester Rd,-37.82072022,145.08190114
5825,Canterbury Station/Rochester Rd,-37.82328969,145.08141426
5826,Daphne St/Canterbury Rd,-37.82347301,145.07718319
5827,Alexandra Ave/Canterbury Rd,-37.82297972,145.07236756
5828,Gwenda Ave/Canterbury Rd,-37.82272688,145.07013603
5829,Canterbury Rd/Stanhope Gr,-37.82249976,145.06563167
5830,Broadway/Stanhope Gr,-37.8254993,145.06499664
5919,Williams Rd/Malvern Rd,-37.84819042,145.0034314
5920,Chatsworth Rd/Malvern Rd,-37.84861537,145.00670437
5921,A'Beckett St/Malvern Rd,-37.84899671,145.00953533
5922,Malvern Rd/Orrong Rd,-37.84978927,145.01217342
5923,Toorak Station/Orrong Rd,-37.85221616,145.01180137
5924,High St/Orrong Rd,-37.85456237,145.01145419
5925,Barnato Gr/Orrong Rd,-37.857087,145.0109999
5926,Dandenong Rd/Orrong Rd,-37.86068201,145.01042585
5927,Hughenden Rd/Orrong Rd,-37.86233423,145.01007451
5928,Alma Rd/Orrong Rd,-37.86396921,145.00976909
5929,Holroyd Ave/Orrong Rd,-37.86543323,145.00947961
5930,Inkerman St/Orrong Rd,-37.86776945,145.00907571
5932,Balaclava Rd/Orrong Rd,-37.87081497,145.00851626
5933,Milburn Gr/Orrong Rd,-37.87350957,145.00798895
5934,Loch Ave/Orrong Rd,-37.87585402,145.00753925
5935,Glen Eira Rd/Orrong Rd,-37.87832419,145.00706338
5936,Villiers St/Orrong Rd,-37.88038174,145.00670094
5937,Sandham St/Orrong Rd,-37.88294082,145.00615439
5938,Glen Huntly Rd/Orrong Rd,-37.88529007,145.00598869
5939,Rowan St/Orrong Rd,-37.88711553,145.00575751
5940,Archibald St/Orrong Rd,-37.88851744,145.00552638
5941,Downshire Rd/Riddell Pde,-37.89061525,145.00541291
5942,Shoobra Rd/Riddell Pde,-37.89155579,145.0066725
5943,College St/Clarence St,-37.89207168,145.00893288
5944,Parkside St/Clarence St,-37.89224252,145.01050893
5945,Kooyong Rd/Clarence St,-37.89259679,145.01334229
5946,Parnell St/Kooyong Rd,-37.89412924,145.01336932
5948,Gardenvale Rd/Kooyong Rd,-37.8990792,145.01245152
5949,North Rd/Kooyong Rd,-37.90001253,145.0122217
6033,Strickland Dr/Jells Rd,-37.89363082,145.19146687
6196,Victoria St/Rutland Rd,-37.82069137,145.13053706
6197,Rutland Rd/Barcelona St,-37.82133746,145.13206584
6198,32 Barcelona St,-37.82264926,145.13181691
6199,Sweetland Rd/Barcelona St,-37.8238762,145.13189958
6200,Via Media Park/Albion Rd,-37.82549391,145.13389249
6201,Middleborough Rd/Albion Rd,-37.82577814,145.13647576
6202,Gardenvale Station/Martin St,-37.89732522,145.00412867
6203,Younger Ave/North Rd,-37.90077998,145.01551055
6204,Hawthorn Rd/North Rd,-37.90127822,145.01994399
6205,Brighton Cemetery/North Rd,-37.90159089,145.02246042
6206,Bambra Rd/North Rd,-37.90197954,145.02574821
6207,Spring Rd/North Rd,-37.9023101,145.02826421
6208,Scott St/North Rd,-37.90263966,145.03072339
6209,Frederick St/North Rd,-37.90294025,145.03306964
6210,Ormond Uniting Hall/North Rd,-37.9032534,145.03563166
6211,Dalmor Ave/North Rd,-37.90350411,145.03769494
6212,Ormond Station/North Rd,-37.90372398,145.03953158
6213,Ulupna Rd/North Rd,-37.90415719,145.04281838
6214,Nicholls Rd/North Rd,-37.90463654,145.04671817
6215,Wild Cherry Rd/North Rd,-37.90507256,145.05018696
6216,Koornang Rd/North Rd,-37.90533354,145.05234106
6217,Tara Gr/North Rd,-37.9056459,145.05488053
6218,Elimatta Rd/North Rd,-37.90580056,145.05605932
622,Kawana Cres/Remington Dr,-37.88844804,145.18263315
6220,Murrumbeena Rd/North Rd,-37.90637403,145.06077573
6221,Crosbie Rd/North Rd,-37.90697169,145.0658783
6222,Brett St/North Rd,-37.90733782,145.06841648
6223,Reid St/North Rd,-37.90780396,145.07211223
6224,Poath Rd/North Rd,-37.90799068,145.07360873
6225,Brine St/North Rd,-37.90835451,145.07656789
6226,Austin St/North Rd,-37.90862494,145.07877881
6227,White St/North Rd,-37.90896654,145.08148837
6228,Warrigal Rd/North Rd,-37.90932042,145.08440237
6328,RHL Sparks Reserve/Middleborough Rd,-37.82818806,145.13671055
6329,Canterbury Rd/Middleborough Rd,-37.83155,145.13617147
6330,Ayr St/Middleborough Rd,-37.83302414,145.13592985
6331,Dundee St/Middleborough Rd,-37.83489356,145.13561008
6342,Inala Village/Middleborough Rd,-37.83760725,145.13510995
6343,Aldinga St/Middleborough Rd,-37.83948532,145.1347672
6344,Fulton Rd/Middleborough Rd,-37.84117403,145.13441783
6345,Hastings Ave/Middleborough Rd,-37.84213559,145.13424587
6346,Joyhill Ave/Middleborough Rd,-37.84378898,145.13394282
6347,Eley Rd/Middleborough Rd,-37.84629565,145.13345914
6349,Foundation Bvd/Middleborough Rd ,-37.84822776,145.13311493
6350,Burwood Hwy/Middleborough Rd,-37.85263247,145.13241282
6351,Rees St/Middleborough Rd,-37.85526488,145.13190311
6352,Highbury Rd/Middleborough Rd,-37.85693646,145.13161085
6353,Nelson Rd/Whitehorse Rd,-37.81732629,145.11786444
6354,Hood St/Whitehorse Rd,-37.81650353,145.11094433
6355,Laing St/Whitehorse Rd,-37.81598783,145.1068906
6356,Marlborough St/Whitehorse Rd,-37.81560319,145.10370829
6357,York St/Whitehorse Rd,-37.81539393,145.10190742
6358,Erne St/Union Rd,-37.81014078,145.10028129
6359,Winmalee Rd/Union Rd,-37.80831706,145.10063472
6360,Belmore Rd/Union Rd,-37.80493047,145.10131212
6361,Kenilworth St/Belmore Rd,-37.80407687,145.09867617
6362,Ajana St/Greythorn Rd,-37.80230709,145.09734726
6363,Reading Ave/Greythorn Rd,-37.80114869,145.09760414
6379,Gordon Barnard Reserve/Balwyn Rd,-37.80144458,145.08361518
6380,Belmore Rd/Balwyn Rd,-37.80403209,145.08312805
6381,Yongala St/Balwyn Rd,-37.80580979,145.08271862
6382,Dundee St/Balwyn Rd,-37.80763456,145.08243289
6383,Yarrbat Ave/Balwyn Rd,-37.8093413,145.0820934
6384,Jurang St/Balwyn Rd,-37.81030239,145.08189815
6385,Whitehorse Rd/Balwyn Rd,-37.8131502,145.08134735
6386,Fintona Girls School/Balwyn Rd,-37.81538767,145.08094863
6387,Mont Albert Rd/Balwyn Rd,-37.81786687,145.08045273
6389,Daphne St/Canterbury Rd,-37.82358677,145.07697574
6391,Alexandra Ave/Canterbury Rd,-37.82301658,145.07186672
6392,Canterbury Rd/Stanhope Gr,-37.82328197,145.06552035
6393,Broadway/Stanhope Gr,-37.82558186,145.06508537
6403,Marsham Rd/Stephensons Rd,-37.86273853,145.1315098
6404,Marianne Way/Stephensons Rd,-37.86577594,145.130967
6406,High Street Rd/Stephensons Rd,-37.86892054,145.13036461
6407,Holy Family Primary School/Stephensons Rd ,-37.87463518,145.12929925
6408,Mt Waverley SC/Stephensons Rd,-37.87619127,145.12911208
6409,Sherwood Rd/Stephensons Rd,-37.87906506,145.12848225
6410,Mt Waverley Police Station/Stephensons Rd,-37.88096975,145.12811568
6411,Charlton St/Stephensons Rd,-37.88254222,145.12782572
6412,Albert St/Stephensons Rd,-37.88362878,145.12758216
6413,Wagstaff St/Stephensons Rd,-37.88671156,145.12706061
6414,Birdie St/Stephensons Rd,-37.88836437,145.12672308
6415,Griffiths Ct/Stephensons Rd,-37.8900806,145.12640667
6416,Hardner Rd/Stephensons Rd,-37.89431099,145.12551474
6417,Bellerive Ave/Stephensons Rd,-37.89817976,145.12455228
6418,Ferntree Gully Rd/Clayton Rd,-37.89985584,145.12454385
6419,Fairland Ave/Clayton Rd,-37.90274905,145.12400409
6420,Strelden Ave/Clayton Rd,-37.90450112,145.12367526
6421,Bayview Ave/Clayton Rd,-37.90635137,145.12328704
6422,Boyd Ave/Clayton Rd,-37.90778923,145.1230344
6423,Woodside Ave/Clayton Rd,-37.90909197,145.12278518
6424,Princes Hwy/Clayton Rd,-37.91050281,145.12253321
6426,Myriong St/Clayton Rd,-37.91534642,145.12167066
6472,Hourigan Ave/Clayton Rd,-37.91701759,145.12135514
6473,Monash Specialist Centre/Clayton Rd,-37.9185448,145.12105464
6476,Clayton SC/Clayton Rd,-37.92577765,145.11969872
6477,Clayton Rd/Centre Rd,-37.92848202,145.11805975
6478,Knight St/Centre Rd,-37.92802757,145.114442
6479,Jeanette St/Centre Rd,-37.92772676,145.11198084
6480,Springs Rd/Centre Rd,-37.92742461,145.10944009
6481,Elder St/Centre Rd,-37.92693994,145.10564119
6482,Eulinga Rd/Centre Rd,-37.92672146,145.10382647
6483,Crawford Rd/Centre Rd,-37.92653455,145.10229538
6484,Huntingdale Rd/Centre Rd,-37.92614819,145.09901738
6485,Windsor Ave/Centre Rd,-37.92587243,145.09701078
6487,Carroll Rd/Centre Rd,-37.92552914,145.09417542
6488,Norma Ave/Cameron Ave,-37.92332523,145.08720166
6489,Beryl Ave/Cameron Ave,-37.92104311,145.08762483
6490,Barholme Ct/Golf Rd,-37.91916266,145.08781005
6491,Devoy St/Golf Rd,-37.91789623,145.08807036
6492,Alleford St/Golf Rd,-37.91516556,145.08861883
6493,Picadilly St/Golf Rd,-37.91337795,145.08897222
6494,Metropolitan Golf Club/Golf Rd,-37.91075481,145.08948371
6495,North Rd/Golf Links Ave,-37.90887147,145.0906016
6496,Schoolhall St/Golf Links Ave,-37.90762249,145.09082725
6497,Willgilson Ct/Golf Links Ave,-37.90529532,145.09125136
6503,Wattle Park/Elgar Rd,-37.83774875,145.1111979
6504,Cadorna St/Elgar Rd,-37.84172919,145.11045998
6505,Deakin University/Elgar Rd ,-37.84481263,145.10998352
6506,Cropley Ct/Elgar Rd,-37.84615948,145.10967638
6507,Burwood Hwy/Elgar Rd,-37.84917876,145.10913331
6508,Deakin University/Burwood Hwy,-37.84996221,145.1158415
6509,Havelock St/Station St,-37.85135146,145.11987496
6510,Talbett St/Station St,-37.85295075,145.11957292
6511,Goold St/Station St,-37.85506261,145.11920101
6540,Eastgate St/North Rd,-37.90976455,145.08788279
6541,Best St/North Rd,-37.91010431,145.09104746
6542,Young St/North Rd,-37.91046717,145.09453005
6543,Gadd St/North Rd,-37.91068726,145.09643529
6544,McIntosh St/North Rd,-37.91100511,145.09937311
6548,Fenton St/North Rd,-37.91219501,145.11002341
6549,Franklyn St/North Rd,-37.91255311,145.1132447
6550,Coane St/North Rd,-37.91295044,145.11666977
6562,Hobson St/Malvern Rd,-37.84766385,145.00054761
6564,Robinson St/Williams Rd,-37.84862775,145.00318094
6565,Wrights Tce/Williams Rd,-37.85072229,145.0028744
6566,High St/Williams Rd,-37.85356273,145.00244541
6567,Gooch St/Williams Rd,-37.85500891,145.00216769
6568,Rae Ct/Williams Rd,-37.85695855,145.00181954
6569,Dandenong Rd/Williams Rd,-37.8583869,145.00155364
6570,St Kilda Cemetery/Hotham St,-37.86108244,145.00108299
6571,Alma Rd/Hotham St,-37.86243892,145.00083037
6572,Cardigan St/Hotham St,-37.86475671,145.00040397
6573,Inkerman St/Hotham St,-37.86628433,145.00014669
6623,Malvern Rd/Williams Rd,-37.84832838,145.00306401
6624,Murray St/Williams Rd,-37.85096222,145.00267472
6625,High St/Williams Rd,-37.85329939,145.0023275
6626,Erica St/Williams Rd,-37.85506006,145.00199583
6627,Wrexham Rd/Williams Rd,-37.85656029,145.00171663
6628,Dandenong Rd/Hotham St,-37.85947123,145.00119472
6629,St Kilda Cemetery/Hotham St,-37.86105252,145.0009133
6630,Alma Rd/Hotham St,-37.86288525,145.0005796
6631,Cardigan St/Hotham St,-37.86456523,145.00027274
6679,Deepdene PS/Burke Rd,-37.80867041,145.06093796
6999,Heysham Dr/Jells Rd,-37.89679432,145.19090043
708,Harp Rd/Burke Rd,-37.80045987,145.06253831
7089,Kennaugh St/North Rd,-37.91325242,145.11921006
709,Maitland Ave/Burke Rd,-37.80288457,145.06202064
7090,Clayton North Primary School/North Rd,-37.9136292,145.12248785
7092,Princes Hwy/North Rd,-37.9141196,145.12611541
7093,Princes Hwy/North Rd,-37.91441604,145.12492487
7094,Clayton Rd/North Rd,-37.91399193,145.12150037
7095,Banksia St/North Rd,-37.91366689,145.11864213
7096,Flora Rd/North Rd,-37.91337919,145.11643134
7097,Colin Rd/North Rd,-37.91295282,145.11288186
7098,Milgate St/North Rd,-37.91248923,145.10926514
710,Argyle Rd/Burke Rd,-37.80424123,145.06176937
7101,Windsor Ave/North Rd,-37.91127333,145.09924109
7102,Gadd St/North Rd,-37.91095915,145.09653065
7103,South Oakleigh Bowling Club/North Rd,-37.91059896,145.09376455
7104,Best St/North Rd,-37.91034682,145.09155304
7105,Cleek Ave/North Rd,-37.90990941,145.08792453
7106,Warrigal Rd/North Rd,-37.90973552,145.08609776
7107,White St/North Rd,-37.9090908,145.0813714
7108,Hallow St/North Rd,-37.90875727,145.07860476
7109,Coatesville Uniting Church/North Rd,-37.90848136,145.07661008
711,Heather Gr/Burke Rd,-37.80620031,145.06143419
7110,Poet Rd/North Rd,-37.9081258,145.07360521
7111,Baker St/North Rd,-37.90779433,145.07097507
7112,Marlborough St/North Rd,-37.90750444,145.0686851
7113,Cobar St/North Rd,-37.90716011,145.06582787
7114,East Boundary Rd/North Rd,-37.90671403,145.06226815
7115,Murrong Ave/North Rd,-37.90664972,145.06055239
7116,Rochford St/North Rd,-37.90634592,145.05797851
7117,Elimatta Rd/North Rd,-37.90613948,145.05639161
7118,Station St/Highbury Rd,-37.8560027,145.11768815
7119,Huntingdale Rd/Highbury Rd,-37.85566899,145.11485511
712,Burke Rd/Cotham Rd,-37.81008553,145.05876544
7120,Barlyn Rd/Huntingdale Rd,-37.85702222,145.1138204
7121,Lynden Gr/Huntingdale Rd,-37.86074215,145.1131345
7122,Essex Rd/Huntingdale Rd,-37.86208992,145.11288415
7123,Essex Heights Reserve/Huntingdale Rd,-37.86404033,145.11256158
7124,Fairview Rd/Huntingdale Rd,-37.86662741,145.11204086
7125,High Street Rd/Huntingdale Rd,-37.86849637,145.11169759
7126,Electra Ave/Huntingdale Rd,-37.87055341,145.11128128
7127,Jordanville Station/Huntingdale Rd,-37.87300681,145.11085482
7128,Imperial Ave/Huntingdale Rd,-37.87660942,145.11016021
7129,Melinga Cres/Huntingdale Rd,-37.87807429,145.10990675
7130,Nyrang St/Huntingdale Rd,-37.88163203,145.10922456
7131,Rosemary St/Waverley Rd,-37.88209898,145.10519895
7132,Bosco St/Waverley Rd,-37.88159404,145.10070935
7133,Hiscock St/Waverley Rd,-37.88137018,145.09856617
7134,Murphy St/Waverley Rd,-37.88095877,145.0954159
7136,Tucker Rd/North Rd,-37.90587896,145.05426021
7137,Collins St/North Rd,-37.90555663,145.05166413
7138,Bewdley St/North Rd,-37.90532965,145.04992995
7139,Tyrone St/North Rd,-37.90497624,145.04709589
7140,Dunlop Ave/North Rd,-37.90440506,145.04255022
7141,Ormond Station/North Rd,-37.90405375,145.03985266
7142,Wheatley Rd/North Rd,-37.90349357,145.0354433
7143,O'Loughlan St/North Rd,-37.90309942,145.03234888
7144,Stewart St/North Rd,-37.90281931,145.03014994
7145,Thompson St/North Rd,-37.90260406,145.02859755
7146,Thomas St/North Rd,-37.90232426,145.02642138
7147,Hodder St/North Rd,-37.90192567,145.02307698
7148,Hawthorn Rd/North Rd,-37.90141125,145.01874626
7149,Landcox St/North Rd,-37.90092984,145.01477866
7150,Gardenvale Station/Martin St,-37.89744,145.0039891
7218,Trentham Reserve/Bay Rd,-37.95210966,145.00640241
7219,Sims St/Fernhill Rd,-37.95288277,145.00841869
7220,Tennyson St/Fernhill Rd,-37.95456634,145.00992106
7221,Masefield Ave/Fernhill Rd,-37.95678134,145.01140916
7222,Jennings St/Royal Ave,-37.95819844,145.0120766
7223,Lefevre St/Royal Ave,-37.95854947,145.01471909
7224,Bayside City Council/Royal Ave,-37.95892038,145.01747489
7225,Fairway Nursing Home/Bluff Rd,-37.95987998,145.01933849
7226,Sandringham Hospital/Bluff Rd,-37.9627624,145.01872607
7227,FG Tricks Reserve/Bluff Rd,-37.9646492,145.01839078
7228,Cheltenham Rd/Bluff Rd,-37.96711783,145.01782355
7229,Arkaringa Cres/Bluff Rd,-37.96915526,145.01733618
7230,Gordon Cres/Bluff Rd,-37.97264078,145.01668459
7231,Karrakatta St/Bluff Rd,-37.97404211,145.01641918
753,Waverley Rd/Remington Dr,-37.89048701,145.1839476
7670,Heatherlea Dr/Jells Rd,-37.90008306,145.190274
7678,Petronella Ave/Jells Rd,-37.90304871,145.18973504
7776,Balcombe Rd/Ebden Ave,-37.97619073,145.0177161
7777,Black Rock House/Ebden Ave,-37.97826975,145.01862787
7778,Ebden Ave/Fourth St,-37.98057147,145.0204559
7779,Donald MacDonald Reserve/Fourth St,-37.98103668,145.02507721
7780,Donald MacDonald Reserve/Haydens Rd,-37.982075,145.02895458
7781,Olinda Ave/Haydens Rd,-37.98471636,145.028474
7782,Haydens Rd/Pacific Bvd,-37.98638234,145.02894178
7783,Pacific Bvd/Reserve Rd,-37.98712062,145.03266809
7784,Reserve Rd/Holding St,-37.99056419,145.03273551
7785,Dalgetty Rd/Holding St,-37.99125929,145.03604191
7786,Martin St/Tramway Pde,-37.99142115,145.04034184
7787,WF Vale Reserve/Tramway Pde,-37.98956577,145.04148433
7788,Cromb Ave/Tramway Pde,-37.98806252,145.0432095
7789,Griffiths St/Tramway Pde,-37.98590637,145.04360837
7790,Cloris Ave/Tramway Pde,-37.98322065,145.04413513
7791,Balcombe Rd/Tramway Pde,-37.97940261,145.0448513
7792,Coles Ct/Balcombe Rd,-37.97924271,145.0477018
7793,Wells Rd/Balcombe Rd,-37.97957382,145.05027744
7795,Beaumaris Hotel/Bodley St,-37.99114808,145.04126006
7796,Hutchison Ave/Beach Rd,-37.9889172,145.04637502
7797,Wells Rd/Beach Rd,-37.98780315,145.04875016
7798,Beach Rd/Charman Rd,-37.98546014,145.0520117
7799,Wakool Ave/Charman Rd,-37.98269368,145.05256306
7895,Streeton Ct/Eley Rd,-37.84719374,145.14466495
7896,Eley Rd/Royton St,-37.84747424,145.14302138
7897,Glyndon Ct/Royton St,-37.84963069,145.14261495
8027,Trentham Reserve/Bay Rd,-37.95199372,145.00647383
8028,Sims St/Fernhill Rd,-37.95293971,145.00858787
8029,Tennyson St/Fernhill Rd,-37.95419415,145.00976039
8030,Southey St/Fernhill Rd,-37.95577708,145.01117447
8031,Jennings St/Royal Ave,-37.95811737,145.01207878
8032,Lefevre St/Royal Ave,-37.95847818,145.01476654
8033,Bayside City Council/Royal Ave,-37.95893342,145.0182485
8034,Fairway Nursing Home/Bluff Rd,-37.96034071,145.01940579
8035,Sandringham Hospital/Bluff Rd,-37.96251364,145.01893764
8037,Cheltenham Rd/Bluff Rd,-37.96724586,145.01793394
8038,Arkaringa Cres/Bluff Rd,-37.96984117,145.01739741
8039,Sylvia Cres/Bluff Rd,-37.97362183,145.01661264
8040,Balcombe Rd/Ebden Ave,-37.97620165,145.01782965
8041,Black Rock House/Ebden Ave,-37.97851737,145.01888306
8042,Central Ave/Fourth St,-37.98041183,145.02007309
8043,Donald MacDonald Reserve/Fourth St,-37.9809537,145.02496558
8044,Haydens Rd/Fourth St,-37.98150218,145.02865111
8045,Pasadena Ave/Haydens Rd,-37.98471846,145.02859919
8046,Pacific Bvd/Haydens Rd,-37.98594906,145.0283613
8047,Reserve Rd/Pacific Bvd,-37.98668597,145.03254307
8048,Anita St/Reserve Rd,-37.98786806,145.03263674
8049,Reserve Rd/Holding St,-37.99043941,145.03281855
8134,Warrigal Rd/Waverley Rd,-37.88058291,145.09168489
8135,Maroo St/Poath Rd,-37.89015025,145.07764444
8136,Neerim Rd/Poath Rd,-37.89141703,145.0774068
8137,Hughesdale Station/Poath Rd,-37.89450853,145.07688286
8138,Freda St/Poath Rd,-37.89687001,145.07635513
8139,Kangaroo Rd/Poath Rd,-37.89878406,145.07602098
8140,Ellendale St/Poath Rd,-37.90193786,145.0754498
8141,George St/Poath Rd,-37.90533393,145.07481539
8142,North Rd/Poath Rd,-37.9076511,145.07433415
8143,North Rd/Mackie Rd,-37.90890575,145.07610994
8144,Goodrich St/Mackie Rd,-37.91070214,145.07574466
8145,Barrington St/Mackie Rd,-37.91376566,145.07516433
8146,Brooks St/Mackie Rd,-37.91669369,145.07456473
8147,Mackie Rd Reserve/Mackie Rd,-37.91804115,145.07430208
8148,Garvey St/Mackie Rd,-37.92022412,145.07388111
8149,Centre Rd/Mackie Rd,-37.92264974,145.07341965
8150,Elaine Ct/Bignell Rd,-37.9248573,145.07120047
8151,St Bede's College/Bignell Rd,-37.92705827,145.07077889
8152,Bignell Rd/Normanby Rd,-37.92862948,145.06987314
8153,Brady Rd/Normanby Rd,-37.92826677,145.06699282
8154,Enniss Ave/Highview Rd,-37.92954353,145.06571925
8155,Highview Rd/Chesterville Rd,-37.93005128,145.06316876
8156,Brosnan Rd/Chesterville Rd,-37.93193057,145.06236851
8157,Denver St/Chesterville Rd,-37.93340373,145.06207951
8158,South Rd/Chesterville Rd,-37.93592743,145.06155809
8159,Barbara St/Chesterville Rd,-37.93902501,145.06086225
8160,Cochranes Rd/Chesterville Rd,-37.94162921,145.06030449
8161,Independence St/Chesterville Rd,-37.94444941,145.05972962
8162,Keys Rd/Chesterville Rd,-37.94654222,145.05931041
8163,Jasper Rd/South Rd,-37.9335572,145.03979738
8168,Willgilson Ct/Golf Links Ave,-37.90536003,145.09135205
8169,Schoolhall St/Golf Links Ave,-37.90745355,145.09096811
817,Delos Ct/Amalfi Dr,-37.97643157,145.24315019
8170,Alleford St/Golf Rd,-37.91524718,145.08865084
8171,Devoy St/Golf Rd,-37.91753813,145.08821614
8172,Barholme Ct/Golf Rd,-37.91914649,145.08792423
8173,Pitt St/Cameron Ave,-37.9212606,145.08769883
8174,Norma Ave/Cameron Ave,-37.92342524,145.08725595
8175,Bakers Rd/Centre Rd,-37.9248522,145.08966497
8176,Jacks Rd/Centre Rd,-37.92510216,145.09174044
8177,Farm Rd/Centre Rd,-37.92538207,145.09399719
8178,Windsor Ave/Centre Rd,-37.92585755,145.09776203
8179,Huntingdale Rd/Centre Rd,-37.92609616,145.09970134
818,James Cook Dr/Amalfi Dr,-37.97830249,145.24411886
8180,Crawford Rd/Centre Rd,-37.92643748,145.10242302
8181,Elder St/Centre Rd,-37.92666555,145.10427161
8182,Melaleuca Dr/Centre Rd,-37.92691453,145.10630171
8183,Scotsburn Ave/Centre Rd,-37.92715227,145.10819558
8184,Eva St/Centre Rd,-37.92767082,145.11242598
8185,Knight St/Centre Rd,-37.92804343,145.11543142
8186,Clayton Rd/Centre Rd,-37.92839704,145.11838048
8187,Clayton SC/Clayton Rd,-37.92565727,145.119497
8189,Monash Medical Centre/Clayton Rd,-37.92085154,145.12047263
819,James Cook PS/James Cook Dr,-37.97997079,145.24539982
8190,Dixon St/Clayton Rd,-37.9186055,145.12090521
8191,Hourigan Ave/Clayton Rd,-37.91683579,145.12125739
8195,Princes Hwy/Clayton Rd,-37.91029435,145.12245888
8196,Woodside Ave/Clayton Rd,-37.90892819,145.12268698
8197,Boyd Ave/Clayton Rd,-37.90792145,145.12284905
8198,Stewart Rd/Clayton Rd,-37.9063319,145.12319655
820,Jones Ct/Daniel Solander Dr,-37.98076589,145.24735059
8218,Harrow St/Station St,-37.82162937,145.12321971
8219,James St/Station St,-37.82370504,145.12283766
8220,Combarton St/Station St,-37.82532237,145.12253536
8221,Collins St/Station St,-37.82731733,145.12217803
8222,Canterbury Rd/Station St,-37.82906041,145.12184979
8223,Kingswood College/Station St,-37.83164792,145.12135241
8224,Devon St/Station St,-37.83405653,145.12093907
8225,Duncan St/Station St,-37.83527875,145.12072625
8226,Foch St/Station St,-37.83680617,145.12043749
8227,Riversdale Rd/Station St,-37.83889217,145.12070272
8228,Boardman Cl/Station St,-37.8416733,145.12160943
8229,Brook Cres/Station St,-37.84339854,145.12129292
8230,Farleigh Ave/Station St,-37.84570805,145.120882
8231,Delany Ave/Station St,-37.84870127,145.12039688
8232,Burwood Hwy/Station St,-37.85031895,145.12011713
8233,Finch St/Burwood Hwy,-37.85089097,145.12377361
8234,Pheasant St/Burwood Hwy,-37.85111037,145.12566607
8235,Greenwood St/Burwood Hwy,-37.85145572,145.12868054
8236,Middleborough Rd/Burwood Hwy,-37.85186784,145.13306858
8237,Old Burwood Rd/Burwood Hwy,-37.85137572,145.13784312
8238,Oakham Ave/Burwood Hwy,-37.85106917,145.13954428
8239,Royton St/Burwood Hwy,-37.8512133,145.14239339
8240,Tiller St/Burwood Hwy,-37.85145925,145.14427389
8241,Keats St/Burwood Hwy,-37.85177842,145.1468004
8242,Holland Rd/Burwood Hwy,-37.85211895,145.14954235
8243,Blackburn Rd/Burwood Hwy,-37.8525197,145.15268062
8244,Tainton Rd/Burwood Hwy,-37.85303435,145.15619116
8245,Newhaven Rd/Burwood Hwy,-37.85353864,145.15962244
8246,Mahoneys Rd/Burwood Hwy,-37.85401691,145.16370228
8247,Springvale Rd/Burwood Hwy,-37.85485115,145.17097858
8248,Fankhauser Dr/Burwood Hwy,-37.8555388,145.17638324
8249,Vermont South Tram Terminus/Burwood Hwy,-37.8565022,145.18273601
8250,Warrington Ave/Burwood Hwy,-37.8571622,145.18872128
8252,Vermont Ret Village/Burwood Hwy,-37.85772355,145.19182197
8253,Morack Rd/Burwood Hwy,-37.8583704,145.19697798
8255,Mountain Hwy/Burwood Hwy,-37.85993834,145.20818162
8256,Cathies Lane/Burwood Hwy,-37.86217785,145.21500457
8257,Milpera Cres/Burwood Hwy,-37.86453855,145.22212058
8258,Templeton St/Burwood Hwy,-37.8657015,145.22573033
8259,Hartington Dr/Burwood Hwy,-37.86721475,145.23046861
8260,Old Stud Rd/Burwood Hwy,-37.86801703,145.23288221
8262,Capital City Bvd/Burwood Hwy,-37.87119355,145.24279938
8263,Lewis Rd/Burwood Hwy,-37.87307867,145.24834813
8280,Wilana St/Bedford Rd,-37.81580697,145.23267377
8281,Pitt St/Bedford Rd,-37.81598962,145.236441
8282,Aquinas College/Great Ryrie St,-37.8230888,145.23748769
8283,Lena Gr/Bedford Rd,-37.81717163,145.24015043
8284,Tooronga Rd/Bedford Rd,-37.81827863,145.24246441
8285,Illoura Ave/Bedford Rd,-37.81999426,145.24510487
8286,Green St/Dublin Rd,-37.82015573,145.24747547
8287,Alexandra Rd/Dublin Rd,-37.8173526,145.24745088
8288,Knaith Rd/Dublin Rd,-37.81428871,145.24746653
8311,Knox City Council/Burwood Hwy,-37.87197435,145.24499775
8346,Tucker Rd/South Rd,-37.93460717,145.04874684
8347,Valerie St/South Rd,-37.93498122,145.0517408
8348,East Boundary Rd/South Rd,-37.93530319,145.05431516
8349,Rowland St/South Rd,-37.93587735,145.05797523
8350,Chesterville Rd/South Rd,-37.93638176,145.0617851
8351,Brady Rd/South Rd,-37.9367052,145.06446193
8352,Blamey St/South Rd,-37.93713043,145.06785297
8353,Alex Ave/South Rd,-37.93735876,145.07078267
8354,Yarra Links Way/South Rd,-37.93766062,145.07325532
8355,Nina Ct/South Rd,-37.93803275,145.07616993
8357,Tecoma Ct/Old Dandenong Rd,-37.93205168,145.08185548
8358,Commonwealth Golf Club/Old Dandenong Rd,-37.93392626,145.08462852
8359,Washington Dr/Old Dandenong Rd,-37.93575369,145.08727776
8360,Barkers St/Old Dandenong Rd,-37.9364336,145.08807938
8361,Cypress Ct/Bourke Rd,-37.94002097,145.09311837
8362,Angus Ct/Bourke Rd,-37.94036098,145.09574953
8363,Clarinda Rd/Bourke Rd,-37.94077172,145.09941441
8364,Clarinda Community Library/Bourke Rd,-37.94097686,145.10095669
8369,Strelden Ave/Clayton Rd,-37.90493889,145.12343667
8370,Fairland Ave/Clayton Rd,-37.90259392,145.12388293
8371,Berrima St/Clayton Rd,-37.90110254,145.12417101
8372,Ferntree Gully Rd/Clayton Rd,-37.89975222,145.12426216
8373,Bellerive Ave/Stephensons Rd,-37.89831054,145.12427601
8374,Catherine Ave/Stephensons Rd,-37.89446843,145.12521507
8375,Griffiths Ct/Stephensons Rd,-37.8901141,145.12624662
8376,Alison St/Stephensons Rd,-37.88836274,145.12662078
8377,Wagstaff St/Stephensons Rd,-37.88673659,145.1269349
8378,Albert St/Stephensons Rd,-37.88397757,145.12741414
8379,Kemp Ave/Stephensons Rd,-37.88291767,145.12763428
8380,William St/Stephensons Rd,-37.88091371,145.12799203
8381,Waverley Masonic Centre/Stephensons Rd,-37.87909838,145.12831086
8382,Mt Waverley SC/Stephensons Rd,-37.87634836,145.12878977
8383,Holskamp St/Stephensons Rd,-37.87354518,145.12932682
8384,White St/Stephensons Rd,-37.87197271,145.12961671
8385,High Street Rd/Stephensons Rd,-37.87051661,145.12985816
8386,Mt Waverley Sec Col/Stephensons Rd,-37.86482034,145.13094568
8387,Monomeith Cres/Stephensons Rd,-37.86277186,145.13133845
8388,Eton St/Stephensons Rd,-37.86024684,145.13180006
8389,Highbury Rd/Stephensons Rd,-37.85784215,145.13132655
8390,Rees St/Middleborough Rd,-37.85526199,145.13172132
8391,Burwood Hwy/Middleborough Rd,-37.85253013,145.13221082
8393,Foundation Bvd/Middleborough Rd ,-37.84866556,145.13287659
8394,Eley Rd/Middleborough Rd,-37.84551156,145.13345618
8395,Jenner St/Middleborough Rd,-37.84318506,145.13393532
8396,Mirabella Cres/Middleborough Rd,-37.84102792,145.13429651
8397,Aldinga St/Middleborough Rd,-37.83912229,145.13460589
8398,Inala Village/249 Middleborough Rd,-37.83767572,145.13488096
8399,Clarice Rd/Middleborough Rd,-37.83542074,145.1353241
8400,Ayr St/Middleborough Rd,-37.83309387,145.13578038
8477,Turnbull Ct/Mullum Mullum Rd,-37.80711382,145.23110906
8485,Paxton St/Mullum Mullum Rd,-37.80516154,145.23373402
8486,Fyfe Ave/Mullum Mullum Rd,-37.80266101,145.23706474
8487,Norwood Sec Col/Mullum Mullum Rd,-37.80115021,145.23908829
8517,Martin St/Tramway Pde,-37.99125731,145.04024372
8519,Beaumaris Lawn Tennis Club/Tramway Pde,-37.9875397,145.04320062
8520,Griffiths St/Tramway Pde,-37.98507823,145.04366452
8521,Cloris Ave/Tramway Pde,-37.98249985,145.04414288
8522,Michael St/Balcombe Rd,-37.97884024,145.04517361
8523,Beaumaris Baptist Church/Balcombe Rd,-37.97914287,145.0476589
8524,Howell Ave/Balcombe Rd,-37.97940526,145.04989481
8526,Beaumaris Bowls Club/15 Bodley St,-37.99049808,145.03848759
8527,Beaumaris Hotel/Bodley St,-37.99111338,145.04134069
8528,Hutchison Ave/Beach Rd,-37.98881005,145.04643479
8529,Wells Rd/Beach Rd,-37.98772152,145.04871817
8530,Beach Rd/Charman Rd,-37.98559318,145.05188294
8537,Station St/Thames Prom,-38.04968403,145.11826481
8565,Beardsworth Ave/Thames Prom,-38.04860797,145.12141485
8579,Chelsea Bicentennial Park/Thames Prom,-38.04773335,145.12533456
8589,First Ave/Thames Prom,-38.04634368,145.13314179
86,Rhodes Dr/Gallaghers Rd,-37.88597235,145.17697447
8602,Jennison Ct/Chelsea Park Dr,-38.04782888,145.13530345
8603,Kennedy Ave/Chelsea Park Dr,-38.04942123,145.1374055
8604,Olive Ct/Brolga Ave,-38.04914978,145.13961182
8620,Lynne St/Wells Rd,-38.04822863,145.14176616
8622,Seccull Dr/Wells Rd,-38.04597391,145.14051269
8623,Amaroo Dr/Wells Rd,-38.037917,145.13650062
8625,Hartwood Ct/Wells Rd,-38.03610886,145.13556656
8626,Enterprize Ave/Wells Rd,-38.03322511,145.1338623
8665,Harrow St/Station St,-37.82140253,145.12312321
8666,James St/Station St,-37.82330741,145.1227682
8667,Combarton St/Station St,-37.82527516,145.12240022
8668,Landale St/Station St,-37.82814139,145.12186173
8669,Kingswood College/Station St,-37.83176249,145.12119043
8670,Devon St/Station St,-37.83389256,145.1208296
8671,Foch St/Station St,-37.83667806,145.12031575
8672,Riversdale Rd/Station St,-37.83893231,145.12039489
8673,Boardman Cl/Station St,-37.84241664,145.12131783
8674,Rothsay Ave/Station St,-37.84378245,145.12106725
8675,Inverness Ave/Station St,-37.84551688,145.12076185
8676,Bronte Ave/Station St,-37.84755704,145.12041457
8677,Burwood Hwy/Station St,-37.85026218,145.11994809
8678,Finch St/Burwood Hwy,-37.85119888,145.12386809
8679,Pheasant St/Burwood Hwy,-37.85139755,145.12559061
8680,Greenwood St/Burwood Hwy,-37.85176272,145.12871824
8681,Middleborough Rd/Burwood Hwy,-37.85209683,145.13159665
8682,Crow St/Burwood Hwy,-37.85201679,145.13678136
8683,Old Burwood Rd/Burwood Hwy,-37.85142502,145.1392512
8684,Benwerrin Reserve/Burwood Hwy,-37.85144074,145.14138752
8685,Tiller St/Burwood Hwy,-37.85168724,145.1433021
8686,Highview Gr/Burwood Hwy,-37.85199707,145.14580612
8687,Blackburn Rd/Burwood Hwy,-37.85251853,145.14973694
8688,Tainton Rd/Burwood Hwy,-37.85326886,145.15562839
8689,Newhaven Rd/Burwood Hwy,-37.85394034,145.15995343
8690,Mahoneys Rd/Burwood Hwy,-37.85426677,145.16238899
8693,Fortescue Gr/Burwood Hwy,-37.85568971,145.17507241
8694,Vermont South Tram Terminus/Burwood Hwy,-37.85654741,145.18274627
8695,Colonial Dr/Burwood Hwy,-37.85744471,145.18833927
8697,Vermont Ret Village/Burwood Hwy,-37.85818428,145.19248134
8698,Morack Rd/Burwood Hwy,-37.85865811,145.1963458
8699,Mountain Hwy/Burwood Hwy,-37.86022333,145.20795875
8700,Cathies Lane/Burwood Hwy,-37.86229781,145.21400136
8701,The Knox School/Burwood Hwy,-37.8637857,145.21881936
8702,Renou Rd/Burwood Hwy,-37.86556365,145.22435813
8703,Hartington Dr/Burwood Hwy,-37.86732195,145.2298067
8704,Old Stud Rd/Burwood Hwy,-37.86820195,145.23259359
8706,High Street Rd/Burwood Hwy,-37.87306209,145.24723436
8728,Wilana St/Bedford Rd,-37.81595301,145.23339734
8729,Ford St/Bedford Rd,-37.81605029,145.23567842
8730,Lena Gr/Bedford Rd,-37.81705452,145.23955111
8731,Myrtle Ave/Bedford Rd,-37.81852441,145.24262899
8732,Fremont St/Bedford Rd,-37.82018514,145.24521396
8733,Green St/Dublin Rd,-37.82013006,145.24756696
8734,Shasta Ave/Dublin Rd,-37.81692186,145.24757467
8735,Knaith Rd/Dublin Rd,-37.81420031,145.24758222
8747,Warrandyte Rd/Mullum Mullum Rd,-37.80726595,145.23103727
8748,Oliver St/Mullum Mullum Rd,-37.8052173,145.23384628
8749,Fyfe Ave/Mullum Mullum Rd,-37.80276963,145.23709623
8778,Larissa Ave/Maroondah Hwy,-37.81293761,145.23484374
8779,Mt Dandenong Rd/Maroondah Hwy,-37.81026589,145.23878089
8780,Braeside Ave/Maroondah Hwy,-37.80765305,145.24184172
8781,Mines Rd/Maroondah Hwy,-37.80430845,145.24599871
8782,Everard Rd/Maroondah Hwy,-37.80182868,145.24893095
894,Elsternwick Station/Horne St,-37.88489601,145.00029138
9010,Ajax Dr/Jells Rd,-37.90507055,145.18935565
9187,Carrington Rd/Elgar Rd,-37.81926517,145.11456609
9189,Blenheim Ave/Elgar Rd,-37.82384684,145.11366557
9190,Surrey Park/Elgar Rd,-37.82658563,145.11305047
9191,Erasmus St/Elgar Rd,-37.8298215,145.11252492
9192,Venice St/Elgar Rd,-37.83143161,145.11233617
9193,Byron St/Elgar Rd,-37.83436211,145.11187514
9195,Station St/Eley Rd,-37.84451018,145.12149199
9196,Christina St/Eley Rd,-37.84502491,145.12608154
9197,Abrahams Ct/Eley Rd,-37.84547495,145.13001365
9198,Middleborough Rd/Eley Rd,-37.84578812,145.13271051
9199,Middleborough Rd/Fulton Rd,-37.84162354,145.13491788
9200,Richmond St/Fulton Rd,-37.84192489,145.13744447
9201,Jenner St/Fulton Rd,-37.84240193,145.14139853
9202,Freda Ct/Fulton Rd,-37.84270391,145.14340241
9203,Samuel Rd/Fulton Rd,-37.84285289,145.14542149
9204,Bermuda Dr/Fulton Rd,-37.84331994,145.14933046
9205,Crockerton Ct/Holland Rd,-37.84542079,145.14997118
9206,Glenfern Ct/Grange Rd,-37.84654281,145.14911351
9207,Raven Ct/Grange Rd,-37.84635314,145.14736809
9208,Streeton Ct/Eley Rd,-37.84706154,145.14428186
9209,Eley Rd/Royton St,-37.84741893,145.14294321
9210,Davis St/Royton St,-37.84919793,145.14260308
9211,Glyndon Ct/Royton St,-37.85060091,145.14242012
9336,Epsom Rd/Beach Rd,-38.00656469,145.08321799
9337,Bay St/Beach Rd,-38.00504998,145.08151491
9338,Rennison St/Beach Rd,-38.00325062,145.07948905
9339,McIndoe Pde/Beach Rd,-38.00179084,145.07784162
9340,Parkers Rd/Beach Rd,-37.99934764,145.0750242
9341,Monaco St/Beach Rd,-37.99743709,145.07281936
9342,Antibes St/Beach Rd,-37.99538821,145.07042466
9343,Warrigal Rd/Beach Rd,-37.99401522,145.06858172
9344,Palermo St/Mentone Pde,-37.99096943,145.06530248
9345,Mentone Girls Grammar/Mentone Pde,-37.98856119,145.06462563
9346,Venice St/Mentone Pde,-37.9864712,145.06466916
9347,Mentone Reserve/Mentone Pde,-37.98456211,145.06475348
9348,Swanston St/Balcombe Rd,-37.98135587,145.06596487
9349,Rogers St/Balcombe Rd,-37.98172183,145.06904072
9350,Gouldthorp Ave/Warrigal Rd,-37.98052978,145.07163366
9351,Tolls Ave/Warrigal Rd,-37.97858013,145.07199209
9352,Johnston St/Warrigal Rd,-37.97603782,145.07247985
9353,Oak Ave/Warrigal Rd,-37.97415121,145.07283658
9354,Elliott St/Warrigal Rd,-37.9730284,145.07305947
9355,Follett Rd/Warrigal Rd,-37.97106991,145.07342943
9356,Centre Dandenong Rd/Warrigal Rd,-37.96717902,145.07411169
9357,Cox St/Warrigal Rd,-37.96369348,145.07478328
9358,Farm Rd/Warrigal Rd,-37.96191421,145.07509154
9359,Argus St/Warrigal Rd,-37.96005368,145.07539053
9360,Mills St/Warrigal Rd,-37.9573674,145.07589316
9361,Bernard St/Warrigal Rd,-37.95494123,145.07632068
9362,Kingston Rd/Warrigal Rd,-37.95246119,145.07676095
9363,Keys Rd/Warrigal Rd,-37.9491646,145.07741594
9364,Cochranes Rd/Warrigal Rd,-37.94726951,145.07780675
9365,Karkarook Park/Warrigal Rd,-37.9439821,145.07847278
9366,South Rd/Warrigal Rd,-37.93807932,145.07957096
9367,Old Dandenong Rd/Warrigal Rd,-37.93222267,145.08073601
9368,Haigh St/Warrigal Rd,-37.92856683,145.08146821
9369,Claronga St/Warrigal Rd,-37.92658164,145.08186112
9370,Centre Rd/Warrigal Rd,-37.92317689,145.08251841
9371,Tudor St/Warrigal Rd,-37.91891015,145.08336866
9372,Bossington St/Warrigal Rd,-37.91608079,145.08394262
9373,Picadilly St/Warrigal Rd,-37.91336779,145.08446801
9374,Chauvel St/Warrigal Rd,-37.91156236,145.08483333
9375,North Rd/Warrigal Rd,-37.90882412,145.08491571
9376,Schoolhall St/Warrigal Rd,-37.90681521,145.08551375
9377,Sacred Heart Girls College/Warrigal Rd,-37.90267362,145.08630348
9379,Waverley Rd/Warrigal Rd,-37.87956587,145.09065375
9380,Mountfield Ave/Warrigal Rd,-37.87706,145.09117324
9381,Holmesglen TAFE/Warrigal Rd,-37.87497528,145.09154538
9382,CooRondo Home/Warrigal Rd,-37.87138622,145.09195632
9383,Lancaster St/Warrigal Rd,-37.86822053,145.09235629
9384,High Street Rd/Warrigal Rd,-37.86673732,145.09258779
9385,High St/Warrigal Rd,-37.86484121,145.09292087
9386,Orford Rd/Warrigal Rd,-37.86247834,145.09336826
9387,Pascoe St/Warrigal Rd,-37.86028607,145.09377713
9388,Elizabeth Gardens Nursing Home/Warrigal Rd,-37.85823737,145.09414817
9389,Delmont Private Hospital/Warrigal Rd,-37.85663815,145.09445078
9390,Rosemary Gr/Warrigal Rd,-37.85285493,145.09511648
9391,Lesley St/Warrigal Rd,-37.84649278,145.09624621
9392,Oxford St/Warrigal Rd,-37.84474943,145.09655242
9400,Elgar Rd/Riversdale Rd,-37.83750581,145.11178362
9401,Fowler St/Riversdale Rd,-37.83791355,145.11529587
9402,Newlands Ct/Riversdale Rd,-37.83814481,145.11735812
9403,Thomas St/Riversdale Rd,-37.83838577,145.1194656
9436,Canterbury Rd/Middleborough Rd,-37.8308369,145.13609852
9437,RHL Sparks Reserve/Middleborough Rd,-37.82815059,145.13662059
9438,Middleborough Rd/Albion Rd,-37.82588535,145.13641626
9439,Via Media Park/Albion Rd,-37.82561931,145.13384389
9440,Yarra Theological Union/Albion Rd,-37.82539591,145.13225891
9441,Sanders Rd/Barcelona St,-37.8229977,145.13162634
9442,Rutland Rd/Barcelona St,-37.82121891,145.13197794
9443,Victoria St/Rutland Rd,-37.82075137,145.13034242
9444,William St/Rutland Rd,-37.82045063,145.12843005
9445,Station St/Rutland Rd,-37.81973748,145.1238243
9448,Genoa St/Chesterville Rd,-37.94335984,145.05978104
9449,Cochranes Rd/Chesterville Rd,-37.94147402,145.0601834
9450,Barbara St/Chesterville Rd,-37.93921999,145.06066368
9451,Wingate St/Chesterville Rd,-37.93515257,145.06156707
9452,Denver St/Chesterville Rd,-37.93328457,145.06195748
9453,Bellevue Rd/Chesterville Rd,-37.93190167,145.06225549
9455,Enniss Ave/Highview Rd,-37.92941424,145.06552922
9456,Brady Rd/Normanby Rd,-37.92820746,145.06722192
9457,Bignell Rd/Normanby Rd,-37.92856885,145.07002263
9458,St Bede's College/Bignell Rd,-37.92679574,145.07070611
9459,Elaine Ct/Bignell Rd,-37.92480158,145.07109953
9460,Centre Rd/Mackie Rd,-37.92218866,145.0733293
9461,Beddoe Ave/Mackie Rd,-37.91952132,145.07388807
9462,Tudor St/Mackie Rd,-37.91816522,145.07417371
9463,Brooks St/Mackie Rd,-37.91632362,145.07452888
9464,Barrington St/Mackie Rd,-37.91387152,145.07502507
9465,Argyle St/Mackie Rd,-37.91086205,145.075604
9466,North Rd/Mackie Rd,-37.90881437,145.0760327
9467,North Rd/Poath Rd,-37.90778436,145.07421694
9468,Vera St/Poath Rd,-37.90434362,145.07487532
9469,Blythe St/Poath Rd,-37.90181026,145.07536214
9470,Kangaroo Rd/Poath Rd,-37.89885408,145.07589406
9471,Stewart St/Poath Rd,-37.89690455,145.07626325
9472,Hughesdale Station/Poath Rd,-37.89437945,145.07670427
9473,Neerim Rd/Poath Rd,-37.89208009,145.07717349
9474,Lawrance St/Poath Rd,-37.89002265,145.07755679
9476,Anthony St/North Rd,-37.90373414,145.03743861
9477,Parkview Dr/North Rd,-37.90615412,145.05891621
9478,Clarinda SC/Bourke Rd,-37.94126027,145.10344146
9479,Springs Rd/Bourke Rd,-37.9416923,145.10676449
9480,Harris Ct/Bourke Rd,-37.94211851,145.11029255
9481,Warraweena Rd/Bourke Rd,-37.94240836,145.11262929
9482,Clayton Rd/Bourke Rd,-37.94275969,145.11543104
9483,Clayton South PS/Clayton Rd,-37.94084981,145.11659499
9484,Whiteside Rd/Clayton Rd,-37.93843318,145.11706632
9485,Brentwood Cl/Clayton Rd,-37.93476733,145.11775154
9486,Jordan St/Clayton Rd,-37.93161239,145.11826437
9487,Linda St/Clayton Rd,-37.9296912,145.11872295
9490,Collier Ave/Centre Rd,-37.9290937,145.12363046
9491,Centre Rd/Haughton Rd,-37.9302089,145.12744774
9492,Haughton Rd/Main Rd,-37.93170702,145.12814928
9493,Mallawa St/Main Rd,-37.93398876,145.12769317
9494,Bevan Ave/Oakes Ave,-37.93505123,145.12820099
9495,Milton Ave/Oakes Ave,-37.93535765,145.1304689
9496,Oakes Ave/Wordsworth Ave,-37.93660068,145.13213281
9497,Rosebank Ave/Wordsworth Ave,-37.93890117,145.13172182
9498,Westall Secondary College/Brady Ave ,-37.94188351,145.13395631
9501,Osborne Ave/Westall Rd,-37.94661067,145.13939023
9502,Thames Ave/Westall Rd,-37.95150701,145.1384359
9503,Bellavista Cres/Westall Rd,-37.95435522,145.13789736
9507,Heatherton Rd/Westall Rd,-37.95911803,145.13704862
9508,Heatherton Rd/Clarke Rd,-37.96120685,145.13806578
9509,Spring Parks PS/Clarke Rd,-37.96341764,145.13881811
9510,Vella Ct/Clarke Rd,-37.96605415,145.13970772
9511,Spring Valley Reserve/Clarke Rd,-37.96773308,145.1404508
9512,Wat Buddharangsi Buddhist Temple/Clarke Rd,-37.97261777,145.14332158
9513,Kingston Gardens Aged Care/Clarke Rd,-37.97567433,145.14513441
9514,Springvale Rd/Clarke Rd,-37.97743987,145.14622845
9515,Springvale Rd/Paterson Rd,-37.97857424,145.14787352
9516,Leons Rd/Paterson Rd,-37.97895394,145.15081273
9517,Kinlora Ct/Paterson Rd,-37.97953061,145.1553979
9518,Alderney Rd/Henderson Rd,-37.98102689,145.15771723
9519,White St/Stephensons Rd,-37.87222729,145.12975806
9520,Barcelona St/Albion Rd,-37.82527448,145.1319893
9616,Epsom Rd/Beach Rd,-38.00651305,145.0833674
9617,Bay St/Beach Rd,-38.00486045,145.08149707
9618,Rennison St/Beach Rd,-38.00299691,145.07940456
9619,McIndoe Pde/Beach Rd,-38.00156434,145.07776782
9620,Parkers Rd/Beach Rd,-37.99910294,145.0749395
9621,Monaco St/Beach Rd,-37.99746804,145.07305769
9622,Antibes St/Beach Rd,-37.99531821,145.07055176
9623,Warrigal Rd/Beach Rd,-37.99390843,145.06866424
9624,Palermo St/Mentone Pde,-37.99152602,145.06572056
9625,Mentone Girls Grammar/Mentone Pde,-37.98845459,145.06471952
9626,Venice St/Mentone Pde,-37.98630193,145.06478747
9627,Mentone Reserve/Mentone Pde,-37.9846901,145.06486398
9628,Swanston St/Balcombe Rd,-37.98148516,145.06615503
9629,Rogers St/Balcombe Rd,-37.98184043,145.0691287
9630,Savona St/Warrigal Rd,-37.98060371,145.07174558
9631,Cervara St/Warrigal Rd,-37.97859137,145.07212841
9632,Sarzana St/Warrigal Rd,-37.97647113,145.07252543
9633,Voltri St/Warrigal Rd,-37.97445915,145.07293098
9634,Alden Ct/Warrigal Rd,-37.97310252,145.07318276
9635,Norma Ave/Warrigal Rd,-37.97144073,145.07351081
9636,Centre Dandenong Rd/Warrigal Rd,-37.96818095,145.07421073
9637,Tanti St/Warrigal Rd,-37.96590624,145.07453197
9638,Farm Rd/Warrigal Rd,-37.96345325,145.07497168
9639,Argus St/Warrigal Rd,-37.9599129,145.07559909
9640,Age St/Warrigal Rd,-37.95784593,145.07594896
9641,Kingston Centre/Warrigal Rd,-37.95560252,145.07653105
9642,Kingston Rd/Warrigal Rd,-37.95411019,145.07675208
9643,Keys Rd/Warrigal Rd,-37.9511377,145.07738726
9644,Corporate Dr/Warrigal Rd,-37.94862237,145.07787391
9645,Cochranes Rd/Warrigal Rd,-37.94512007,145.07862521
9646,South Rd/Warrigal Rd,-37.93821156,145.07994301
9647,Dales Park/Warrigal Rd,-37.93360218,145.08077977
9649,Rudyard St/Warrigal Rd,-37.9274372,145.08182751
9650,Centre Rd/Warrigal Rd,-37.92371077,145.08265244
9651,Kennedy St/Warrigal Rd,-37.92053837,145.08318988
9652,Orange St/Warrigal Rd,-37.91847247,145.08360753
9654,Picadilly St/Warrigal Rd,-37.91387334,145.08452315
9656,Eleebana Ave/Warrigal Rd,-37.90815574,145.08537663
9657,Schoolhall St/Warrigal Rd,-37.90633229,145.08574237
9658,Queens Ave/Warrigal Rd,-37.90398749,145.08618983
9662,Waverley Rd/Warrigal Rd,-37.87942746,145.09100979
9663,Holmesglen TAFE/Warrigal Rd,-37.87525822,145.09176546
9664,Power Ave/Warrigal Rd,-37.8723648,145.0922835
9665,May Park Ave/Warrigal Rd,-37.86724527,145.09279068
9666,High Street Rd/Warrigal Rd,-37.8654102,145.09299714
9667,Douglas St/Warrigal Rd,-37.86318171,145.09339561
9668,Pascoe St/Warrigal Rd,-37.86068371,145.09384645
9669,Leopold St/Warrigal Rd,-37.8584554,145.09425622
9670,Delmont Private Hospital/Warrigal Rd,-37.85710768,145.09450689
9671,Highbury Rd/Warrigal Rd,-37.85287552,145.09527507
9674,Wallace Rd/Warrigal Rd,-37.84662092,145.09636792
9675,Iris St/Warrigal Rd,-37.8449226,145.09667298
9683,Elgar Rd/Riversdale Rd,-37.8376251,145.11191694
9684,Fowler St/Riversdale Rd,-37.83801155,145.11522519
9685,Lyndoch St/Riversdale Rd,-37.8383054,145.11781994
9686,Thomas St/Riversdale Rd,-37.83850396,145.11953077
974,Whitehorse Rd/Dorking Rd,-37.81808273,145.13084145
976,Dominion Ct/Waverley Rd,-37.89143701,145.18652837
